codigo_neg;total_entregado_total;total_entregado_parcial;total_pendiente;cantidad_total_abril;cantidad_parcial_abril;cantidad_pendiente_abril;cantidad_total_mayo;cantidad_parcial_mayo;cantidad_pendiente_mayo;cantidad_total_junio;cantidad_parcial_junio;cantidad_pendiente_junio;cantidad_total_julio;cantidad_parcial_julio;cantidad_pendiente_julio;cantidad_total_agosto;cantidad_parcial_agosto;cantidad_pendiente_agosto;cantidad_total_septiembre;cantidad_parcial_septiembre;cantidad_pendiente_septiembre;cantidad_total_octubre;cantidad_parcial_octubre;cantidad_pendiente_octubre;cantidad_total_noviembre;cantidad_parcial_noviembre;cantidad_pendiente_noviembre;DESCRIPCION
AP20038;81;;;2;;;2;;;14;;;16;;;8;;;3;;;1;;;35;;;
AP20040;9471;;;509;;;741;;;1395;;;504;;;1073;;;1660;;;1447;;;2142;;;
AP20041;;;;;;;;;;;;;;;;;;;;;;;;;;;;
AP20042;2;;;;;;;;;;;;;;;;;;;;;2;;;;;;
AP20045;;;;;;;;;;;;;;;;;;;;;;;;;;;;
AP20044;694442;;;81078;;;81869;;;59576;;;84128;;;89910;;;100852;;;93941;;;103088;;;
AP20051;41101;;;4989;;;5206;;;4752;;;4756;;;5131;;;5626;;;5690;;;4951;;;
AP20111;363;;;7;;;4;;;18;;;136;;;15;;;;;;1;;;182;;;
AP20112;37520;;;4959;;;6525;;;4135;;;5984;;;2755;;;4291;;;4392;;;4479;;;
AP20118;3485;;;446;;;313;;;111;;;984;;;319;;;521;;;175;;;616;;;
AP20282;2256;;;340;;;224;;;179;;;314;;;520;;;223;;;299;;;157;;;
AP20126;2770;;;737;;;441;;;180;;;210;;;147;;;330;;;245;;;480;;;
AP20143;1670;;;965;;;705;;;;;;;;;;;;;;;;;;;;;
AP20142;1559075;;;67917;;;52445;;;1047923;;;77820;;;63335;;;80059;;;80466;;;89110;;;
AP20145;90;;;;;;90;;;;;;;;;;;;;;;;;;;;;
AP20130;115;;;3;;;7;;;;;;;;;2;;;7;;;92;;;4;;;
AP20161;12080;;;666;;;1372;;;991;;;1892;;;976;;;2072;;;1885;;;2226;;;
AP20162;76;;;1;;;7;;;2;;;62;;;;;;1;;;3;;;;;;
AP20165;7821;;;1388;;;1284;;;1308;;;1868;;;841;;;104;;;405;;;623;;;
AP20167;7;;;5;;;1;;;1;;;;;;;;;;;;;;;;;;
AP20169;123;;;62;;;61;;;;;;;;;;;;;;;;;;;;;
AP20170;3296;;;8;;;5;;;140;;;1088;;;163;;;481;;;682;;;729;;;
AP20171;6843;;;859;;;809;;;674;;;792;;;761;;;1206;;;981;;;761;;;
AP21836;111748;;;13719;;;13557;;;14787;;;12243;;;12339;;;14255;;;13025;;;17823;;;
AP23700;255;;;11;;;16;;;9;;;199;;;9;;;2;;;4;;;5;;;
AP20184;107;;;1;;;2;;;3;;;4;;;2;;;92;;;;;;3;;;
AP20183;1147;;;14;;;14;;;182;;;681;;;14;;;4;;;205;;;33;;;
AP-Aguja Insulina;338397;;;30528;;;42438;;;12363;;;55520;;;28663;;;40965;;;59683;;;68237;;;
AP20216;6947;;;258;;;231;;;465;;;1253;;;346;;;2224;;;1053;;;1117;;;
AP20218;35068;;;1465;;;1158;;;3200;;;1876;;;3435;;;3706;;;8718;;;11510;;;
AP20219;4134;;;38;;;67;;;541;;;482;;;163;;;340;;;1183;;;1320;;;
AP20242;6448;;;435;;;462;;;681;;;789;;;802;;;686;;;1195;;;1398;;;
AP20246;;;;;;;;;;;;;;;;;;;;;;;;;;;;
AP22600;5940;;;1245;;;660;;;420;;;900;;;489;;;756;;;870;;;600;;;
AP22601;482;;;;;;;;;180;;;60;;;;;;2;;;;;;240;;;
AP24483;5752;;;195;;;276;;;725;;;591;;;598;;;742;;;1746;;;879;;;
AP20259;605;;;2;;;4;;;92;;;33;;;5;;;343;;;116;;;10;;;
AP20260;1;;;;;;1;;;;;;;;;;;;;;;;;;;;;
AP20262;3737;;;760;;;889;;;519;;;664;;;180;;;121;;;300;;;304;;;
AP20263;11661;;;1570;;;2140;;;1201;;;2217;;;1455;;;1221;;;892;;;965;;;
AP20279;37;;;;;;;;;;;;;;;;;;1;;;33;;;3;;;
AP20294;1;;;1;;;;;;;;;;;;;;;;;;;;;;;;
AP20286;6167;;;69;;;214;;;1151;;;266;;;668;;;1406;;;1028;;;1365;;;
AP24424;53839;;;949;;;2980;;;2070;;;23412;;;4486;;;4920;;;6493;;;8529;;;
AP20296;17;;;2;;;15;;;;;;;;;;;;;;;;;;;;;
AP20004;;;;;;;;;;;;;;;;;;;;;;;;;;;;
AP24423;;;;;;;;;;;;;;;;;;;;;;;;;;;;
AP20300;375;;;85;;;290;;;;;;;;;;;;;;;;;;;;;
AP20302;38549;;;5380;;;4480;;;3517;;;4307;;;4683;;;5210;;;4512;;;6460;;;
AP20305;774;;;7;;;8;;;9;;;246;;;10;;;97;;;183;;;214;;;
AP20324;15;;;6;;;;;;;;;3;;;6;;;;;;;;;;;;
AP20341;12900;;;1687;;;1522;;;1122;;;1016;;;1341;;;1783;;;1439;;;2990;;;
AP20344;53402;;;5206;;;5607;;;4723;;;7657;;;6464;;;6938;;;6795;;;10012;;;
AP20347;159820;;;14680;;;17208;;;19383;;;20700;;;18838;;;20095;;;22994;;;25922;;;
AP20349;533844;;;59424;;;60131;;;52853;;;71737;;;66249;;;67146;;;70199;;;86105;;;
AP20353;;;;;;;;;;;;;;;;;;;;;;;;;;;;
AP20354;4860;;;2250;;;2610;;;;;;;;;;;;;;;;;;;;;
AP20355;;;;;;;;;;;;;;;;;;;;;;;;;;;;
AP23990;;;;;;;;;;;;;;;;;;;;;;;;;;;;
AP20362;;;;;;;;;;;;;;;;;;;;;;;;;;;;
AP20363;;;;;;;;;;;;;;;;;;;;;;;;;;;;
AP20364;21079;;;2690;;;2152;;;1866;;;2657;;;2690;;;3418;;;2843;;;2763;;;
AP20366;96712;;;9446;;;10170;;;8386;;;9633;;;13708;;;21713;;;15144;;;8512;;;
AP20377;12196;;;1860;;;1710;;;1926;;;1354;;;1025;;;1545;;;1404;;;1372;;;
AP20378;3141;;;450;;;540;;;360;;;393;;;90;;;330;;;738;;;240;;;
AP20379;9316;;;180;;;;;;1602;;;1953;;;1291;;;1751;;;1484;;;1055;;;
AP20384;150;;;30;;;30;;;;;;;;;30;;;60;;;;;;;;;
AP20385;125;;;;;;;;;60;;;5;;;30;;;30;;;;;;;;;
AP20386;212;;;;;;;;;90;;;;;;90;;;2;;;;;;30;;;
AP20388;;;;;;;;;;;;;;;;;;;;;;;;;;;;
AP20390;4461;;;318;;;170;;;447;;;1275;;;784;;;402;;;546;;;519;;;
AP20392;5934;;;336;;;;;;858;;;1208;;;544;;;1016;;;1082;;;890;;;
AP20394;;;;;;;;;;;;;;;;;;;;;;;;;;;;
AP20395;21810;;;362;;;608;;;2019;;;3425;;;3025;;;3297;;;3823;;;5251;;;
AP20398;168;;;84;;;84;;;;;;;;;;;;;;;;;;;;;
AP20399;4992;;;;;;84;;;254;;;418;;;210;;;732;;;1660;;;1634;;;
AP20406;7;;;;;;5;;;2;;;;;;;;;;;;;;;;;;
AP20407;4898;;;222;;;311;;;1242;;;1110;;;774;;;372;;;697;;;170;;;
AP20409;108274;;;13077;;;13383;;;8273;;;13107;;;15868;;;16798;;;14217;;;13551;;;
AP20417;520;;;2;;;;;;363;;;17;;;6;;;1;;;3;;;128;;;
AP20418;115;;;2;;;9;;;;;;90;;;;;;3;;;8;;;3;;;
AP20420;3229;;;221;;;757;;;208;;;897;;;168;;;198;;;247;;;533;;;
AP20422;8344;;;999;;;733;;;993;;;966;;;954;;;1397;;;1364;;;938;;;
AP20423;;;;;;;;;;;;;;;;;;;;;;;;;;;;
AP20428;16;;;;;;;;;;;;;;;4;;;12;;;;;;;;;
AP20425;;;;;;;;;;;;;;;;;;;;;;;;;;;;
AP20429;117;;;6;;;3;;;1;;;3;;;3;;;66;;;30;;;5;;;
AP20431;;;;;;;;;;;;;;;;;;;;;;;;;;;;
AP20430;2030;;;147;;;;;;60;;;278;;;508;;;279;;;351;;;407;;;
AP20432;61;;;;;;21;;;;;;40;;;;;;;;;;;;;;;
AP23518;2;;;;;;2;;;;;;;;;;;;;;;;;;;;;
AP23519;3179;;;271;;;262;;;463;;;689;;;447;;;410;;;292;;;345;;;
AP23521;3822;;;477;;;406;;;237;;;445;;;250;;;584;;;855;;;568;;;
AP20445;73126;;;7080;;;8220;;;5000;;;9354;;;6451;;;13226;;;9043;;;14752;;;
AP20446;122775;;;15570;;;14502;;;8691;;;14536;;;16713;;;15544;;;14654;;;22565;;;
AP20453;13939;;;1832;;;1923;;;1485;;;1662;;;1200;;;1660;;;1790;;;2387;;;
AP20454;;;;;;;;;;;;;;;;;;;;;;;;;;;;
AP20494;117050;;;12885;;;13605;;;9907;;;15330;;;15855;;;15079;;;15403;;;18986;;;
AP20496;836006;;;83791;;;91914;;;98806;;;111042;;;100736;;;102345;;;111207;;;136165;;;
AP20498;521316;;;45071;;;48329;;;55433;;;79914;;;65599;;;70615;;;70367;;;85988;;;
AP20500;410;;;;;;;;;90;;;20;;;;;;;;;90;;;210;;;
AP20506;2866;;;40;;;59;;;19;;;1128;;;66;;;113;;;155;;;1286;;;
AP20507;90;;;;;;;;;;;;90;;;;;;;;;;;;;;;
AP20514;22701;;;2682;;;2100;;;1378;;;2160;;;2792;;;3238;;;2561;;;5790;;;
AP20523;1;;;;;;;;;1;;;;;;;;;;;;;;;;;;
AP24079;785;;;4;;;7;;;162;;;27;;;109;;;472;;;;;;4;;;
AP20520;1185;;;44;;;31;;;388;;;15;;;196;;;212;;;256;;;43;;;
AP20524;5525;;;247;;;299;;;629;;;303;;;1004;;;937;;;956;;;1150;;;
AP20535;19209;;;1470;;;2280;;;2373;;;1704;;;2260;;;1621;;;4050;;;3451;;;
AP20546;8730;;;230;;;290;;;920;;;3792;;;365;;;914;;;953;;;1266;;;
AP20547;5876;;;184;;;242;;;367;;;1504;;;641;;;671;;;786;;;1481;;;
AP20548;8005;;;159;;;180;;;785;;;3806;;;386;;;888;;;990;;;811;;;
AP20566;742;;;15;;;26;;;6;;;126;;;195;;;139;;;224;;;11;;;
AP20577;6;;;1;;;5;;;;;;;;;;;;;;;;;;;;;
AP20588;;;;;;;;;;;;;;;;;;;;;;;;;;;;
AP20592;61149;;;6715;;;6183;;;5872;;;7882;;;8278;;;7870;;;7628;;;10721;;;
AP20617;8933;;;49;;;141;;;1216;;;4403;;;149;;;1050;;;750;;;1175;;;
AP20626;5;;;4;;;;;;;;;;;;1;;;;;;;;;;;;
AP20596;14782;;;340;;;385;;;1481;;;6628;;;1313;;;1313;;;1292;;;2030;;;
AP20598;1392;;;26;;;35;;;221;;;269;;;135;;;176;;;267;;;263;;;
AP20606;823;;;3;;;7;;;102;;;431;;;94;;;27;;;92;;;67;;;
AP20605;6661;;;1;;;11;;;3;;;34;;;23;;;3030;;;1551;;;2008;;;
AP20607;1080;;;65;;;61;;;181;;;112;;;268;;;175;;;29;;;189;;;
AP20608;290;;;27;;;14;;;6;;;127;;;5;;;15;;;90;;;6;;;
AP20618;406;;;19;;;14;;;9;;;16;;;114;;;28;;;19;;;187;;;
AP20624;2482;;;18;;;18;;;212;;;1427;;;100;;;463;;;188;;;56;;;
AP23412;;;;;;;;;;;;;;;;;;;;;;;;;;;;
AP20644;8003;;;360;;;1470;;;510;;;560;;;690;;;1476;;;695;;;2242;;;
AP20647;448;;;;;;;;;9;;;181;;;101;;;12;;;12;;;133;;;
AP20645;16;;;4;;;12;;;;;;;;;;;;;;;;;;;;;
AP20648;38;;;22;;;16;;;;;;;;;;;;;;;;;;;;;
AP20650;11220;;;1860;;;870;;;1230;;;2256;;;810;;;1357;;;1427;;;1410;;;
AP20654;41296;;;3542;;;4739;;;4420;;;5181;;;4965;;;6321;;;6764;;;5364;;;
AP20658;513;;;90;;;30;;;120;;;120;;;61;;;2;;;;;;90;;;
AP20660;22164;;;2760;;;3150;;;1950;;;2072;;;3189;;;3210;;;1935;;;3898;;;
AP20679;1217;;;39;;;44;;;18;;;31;;;211;;;121;;;240;;;513;;;
AP20680;841;;;35;;;76;;;15;;;604;;;16;;;5;;;;;;90;;;
AP20682;882;;;60;;;56;;;33;;;59;;;23;;;200;;;141;;;310;;;
AP20688;321;;;2;;;;;;;;;315;;;;;;1;;;3;;;;;;
AP20704;34;;;1;;;3;;;;;;30;;;;;;;;;;;;;;;
AP20706;2;;;;;;2;;;;;;;;;;;;;;;;;;;;;
AP20713;1537;;;26;;;43;;;145;;;558;;;22;;;135;;;240;;;368;;;
AP20716;42;;;38;;;4;;;;;;;;;;;;;;;;;;;;;
AP20718;663;;;60;;;60;;;60;;;361;;;;;;;;;120;;;2;;;
AP20733;24642;;;4170;;;3320;;;2961;;;2609;;;2852;;;2812;;;2818;;;3100;;;
AP20742;5749;;;318;;;334;;;462;;;410;;;612;;;818;;;1978;;;817;;;
AP20748;32527;;;2754;;;2525;;;3002;;;5290;;;4403;;;4569;;;5013;;;4971;;;
AP20773;108447;;;13805;;;13025;;;16557;;;14627;;;3224;;;14477;;;12454;;;20278;;;
AP20774;;;;;;;;;;;;;;;;;;;;;;;;;;;;
AP20775;6414;;;435;;;890;;;930;;;966;;;657;;;1470;;;856;;;210;;;
AP20776;123632;;;8938;;;10445;;;12225;;;14495;;;18256;;;19791;;;16296;;;23186;;;
AP20778;210446;;;23525;;;26730;;;22823;;;35213;;;32262;;;29515;;;22230;;;18148;;;
AP20768;14157;;;6575;;;7582;;;;;;;;;;;;;;;;;;;;;
AP20767;70315;;;420;;;120;;;10575;;;10610;;;13693;;;11103;;;11644;;;12150;;;
AP20770;1530;;;1020;;;510;;;;;;;;;;;;;;;;;;;;;
AP20782;;;;;;;;;;;;;;;;;;;;;;;;;;;;
AP20787;3990;;;;;;;;;323;;;2393;;;144;;;506;;;290;;;334;;;
AP24428;8772;;;186;;;362;;;707;;;3860;;;764;;;936;;;1053;;;904;;;
AP20794;163156;;;23942;;;16070;;;20105;;;24106;;;16521;;;21824;;;17122;;;23466;;;
AP20795;14693;;;3000;;;3790;;;1115;;;4865;;;210;;;185;;;1291;;;237;;;
AP24477;;;;;;;;;;;;;;;;;;;;;;;;;;;;
AP20772;2011;;;;;;;;;541;;;420;;;750;;;60;;;120;;;120;;;
AP20821;55071;;;5271;;;6042;;;7660;;;7023;;;5444;;;8002;;;8064;;;7565;;;
AP20822;84099;;;10299;;;13426;;;13954;;;11787;;;15190;;;9180;;;6580;;;3683;;;
AP20827;12762;;;1494;;;1554;;;1694;;;1542;;;1561;;;1523;;;1440;;;1954;;;
AP20828;4451;;;480;;;480;;;632;;;690;;;495;;;720;;;780;;;174;;;
AP20829;5583;;;328;;;743;;;371;;;896;;;981;;;615;;;831;;;818;;;
AP20830;90;;;;;;;;;;;;90;;;;;;;;;;;;;;;
AP20841;8620;;;960;;;1203;;;872;;;1483;;;1178;;;542;;;900;;;1482;;;
AP20842;9177;;;609;;;873;;;1212;;;1417;;;1326;;;1425;;;1053;;;1262;;;
AP20851;3334;;;544;;;180;;;270;;;390;;;180;;;630;;;840;;;300;;;
AP20853;10781;;;2010;;;1500;;;2610;;;30;;;870;;;960;;;1591;;;1210;;;
AP20855;10925;;;190;;;1050;;;1981;;;814;;;2100;;;660;;;1652;;;2478;;;
AP20856;5140;;;1200;;;2010;;;;;;487;;;;;;;;;1443;;;;;;
AP20857;37849;;;6420;;;4050;;;3400;;;5292;;;2883;;;4521;;;6704;;;4579;;;
AP20858;44510;;;7020;;;7090;;;3891;;;5145;;;3892;;;5783;;;4795;;;6894;;;
AP20868;;;;;;;;;;;;;;;;;;;;;;;;;;;;
AP24507;1231;;;412;;;819;;;;;;;;;;;;;;;;;;;;;
AP24117;317;;;25;;;8;;;;;;;;;;;;4;;;278;;;2;;;
AP20875;7845;;;281;;;221;;;651;;;2128;;;584;;;1383;;;1026;;;1571;;;
AP20880;105375;;;11160;;;11220;;;9522;;;16601;;;15490;;;13027;;;14881;;;13474;;;
AP20881;13090;;;2100;;;1470;;;1350;;;1560;;;903;;;1806;;;2100;;;1801;;;
AP20882;219035;;;29685;;;31730;;;23256;;;29162;;;13275;;;28831;;;30497;;;32599;;;
AP20888;;;;;;;;;;;;;;;;;;;;;;;;;;;;
AP20893;1267;;;15;;;;;;357;;;68;;;118;;;142;;;476;;;91;;;
AP20892;107;;;30;;;77;;;;;;;;;;;;;;;;;;;;;
AP20894;106900;;;11900;;;10613;;;10647;;;11996;;;15796;;;18706;;;13008;;;14234;;;
AP20898;;;;;;;;;;;;;;;;;;;;;;;;;;;;
AP20908;43;;;28;;;15;;;;;;;;;;;;;;;;;;;;;
AP20913;1378;;;34;;;53;;;225;;;144;;;76;;;262;;;451;;;133;;;
AP20916;547;;;52;;;68;;;130;;;65;;;24;;;40;;;154;;;14;;;
AP20918;1421;;;274;;;272;;;271;;;60;;;158;;;250;;;90;;;46;;;
AP20922;70168;;;7619;;;8314;;;6796;;;10541;;;9897;;;10116;;;8031;;;8854;;;
AP20925;215;;;16;;;11;;;10;;;6;;;23;;;48;;;6;;;95;;;
AP20926;2797;;;98;;;582;;;42;;;1024;;;113;;;177;;;379;;;382;;;
AP20943;1211;;;39;;;58;;;96;;;343;;;35;;;293;;;244;;;103;;;
AP20952;30657;;;3245;;;3239;;;4529;;;4164;;;3769;;;4219;;;3146;;;4346;;;
AP20974;;;;;;;;;;;;;;;;;;;;;;;;;;;;
AP20984;;;;;;;;;;;;;;;;;;;;;;;;;;;;
AP20998;35158;;;2950;;;3330;;;3207;;;4469;;;5273;;;5642;;;5267;;;5020;;;
AP21000;24;;;10;;;;;;14;;;;;;;;;;;;;;;;;;
AP21002;1721;;;24;;;24;;;192;;;724;;;106;;;439;;;188;;;24;;;
AP21003;232;;;5;;;6;;;1;;;203;;;4;;;5;;;5;;;3;;;
AP21005;1890;;;32;;;86;;;122;;;1039;;;111;;;36;;;351;;;113;;;
AP21013;679;;;63;;;112;;;84;;;168;;;168;;;84;;;;;;;;;
AP21014;4821;;;189;;;371;;;462;;;424;;;532;;;1577;;;888;;;378;;;
AP21012;8709;;;938;;;3276;;;756;;;1981;;;672;;;448;;;326;;;312;;;
AP21036;;;;;;;;;;;;;;;;;;;;;;;;;;;;
AP21038;38;;;1;;;2;;;;;;2;;;;;;23;;;4;;;6;;;
AP21041;;;;;;;;;;;;;;;;;;;;;;;;;;;;
AP21039;24288;;;2299;;;2359;;;2641;;;4009;;;3214;;;3745;;;3117;;;2904;;;
AP21048;17402;;;1227;;;1270;;;847;;;3544;;;1968;;;3128;;;2641;;;2777;;;
AP21049;320;;;7;;;14;;;16;;;18;;;23;;;10;;;214;;;18;;;
AP21051;1600;;;73;;;71;;;374;;;645;;;12;;;186;;;121;;;118;;;
AP21056;2530;;;72;;;91;;;364;;;1344;;;74;;;123;;;154;;;308;;;
AP21058;11;;;11;;;;;;;;;;;;;;;;;;;;;;;;
AP21062;1196;;;7;;;5;;;36;;;530;;;3;;;19;;;201;;;395;;;
AP21072;;;;;;;;;;;;;;;;;;;;;;;;;;;;
AP21073;;;;;;;;;;;;;;;;;;;;;;;;;;;;
AP21078;36081;;;3821;;;5033;;;3000;;;5453;;;5216;;;5176;;;3851;;;4531;;;
AP21082;51687;;;4742;;;4640;;;3672;;;6139;;;7391;;;7926;;;5673;;;11504;;;
AP21085;;;;;;;;;;;;;;;;;;;;;;;;;;;;
AP21088;757;;;17;;;17;;;13;;;347;;;62;;;76;;;210;;;15;;;
AP21087;;;;;;;;;;;;;;;;;;;;;;;;;;;;
AP21089;21897;;;1582;;;3370;;;1778;;;2257;;;2849;;;4009;;;2580;;;3472;;;
AP21103;890;;;252;;;448;;;;;;190;;;;;;;;;;;;;;;
AP21104;63;;;63;;;;;;;;;;;;;;;;;;;;;;;;
AP21106;3463;;;240;;;462;;;240;;;154;;;933;;;510;;;374;;;550;;;
AP21108;4254;;;480;;;540;;;90;;;511;;;425;;;498;;;870;;;840;;;
AP21109;8817;;;1380;;;1080;;;1015;;;1781;;;362;;;792;;;1141;;;1266;;;
AP21111;780;;;390;;;360;;;;;;30;;;;;;;;;;;;;;;
AP21112;;;;;;;;;;;;;;;;;;;;;;;;;;;;
AP21114;7747;;;305;;;257;;;892;;;545;;;1401;;;1400;;;1057;;;1890;;;
AP21115;5714;;;146;;;164;;;769;;;772;;;775;;;623;;;1283;;;1182;;;
AP21117;3608;;;80;;;107;;;264;;;1026;;;47;;;136;;;1399;;;549;;;
AP21118;5698;;;478;;;401;;;617;;;647;;;513;;;953;;;1400;;;689;;;
AP21119;20;;;11;;;9;;;;;;;;;;;;;;;;;;;;;
AP21120;1115;;;18;;;21;;;92;;;453;;;3;;;330;;;15;;;183;;;
AP21121;72;;;4;;;1;;;;;;;;;;;;;;;67;;;;;;
AP21122;107;;;1;;;1;;;;;;100;;;;;;1;;;;;;4;;;
AP21123;4603;;;223;;;525;;;383;;;1643;;;84;;;453;;;445;;;847;;;
AP21124;;;;;;;;;;;;;;;;;;;;;;;;;;;;
AP21134;27114;;;2637;;;2981;;;2836;;;4060;;;3412;;;4310;;;3824;;;3054;;;
AP21143;6479;;;860;;;1130;;;1350;;;774;;;426;;;286;;;1020;;;633;;;
AP21148;303;;;9;;;4;;;;;;1;;;;;;;;;34;;;255;;;
AP21173;598;;;6;;;24;;;16;;;282;;;18;;;239;;;7;;;6;;;
AP21175;;;;;;;;;;;;;;;;;;;;;;;;;;;;
AP21183;;;;;;;;;;;;;;;;;;;;;;;;;;;;
AP21184;;;;;;;;;;;;;;;;;;;;;;;;;;;;
AP21186;;;;;;;;;;;;;;;;;;;;;;;;;;;;
AP21185;;;;;;;;;;;;;;;;;;;;;;;;;;;;
AP21187;1180;;;550;;;270;;;120;;;;;;;;;120;;;;;;120;;;
AP21189;367613;;;41184;;;49536;;;54376;;;50584;;;40796;;;42336;;;38847;;;49954;;;
AP21206;;;;;;;;;;;;;;;;;;;;;;;;;;;;
AP21227;;;;;;;;;;;;;;;;;;;;;;;;;;;;
AP21229;37598;;;4424;;;5254;;;2747;;;5259;;;5400;;;4644;;;4242;;;5628;;;
AP21237;4514;;;156;;;141;;;563;;;1116;;;676;;;581;;;646;;;635;;;
AP21238;73278;;;6362;;;4997;;;11433;;;11975;;;10779;;;11414;;;9268;;;7050;;;
AP24085;100043;;;11343;;;13334;;;9447;;;18637;;;11293;;;11900;;;8645;;;15444;;;
AP21251;;;;;;;;;;;;;;;;;;;;;;;;;;;;
AP21253;;;;;;;;;;;;;;;;;;;;;;;;;;;;
AP21256;4860;;;105;;;127;;;458;;;677;;;574;;;459;;;1874;;;586;;;
AP21255;9399;;;228;;;313;;;742;;;4088;;;620;;;1981;;;513;;;914;;;
AP21258;906;;;40;;;52;;;34;;;57;;;103;;;170;;;206;;;244;;;
AP21262;;;;;;;;;;;;;;;;;;;;;;;;;;;;
AP21263;16598;;;1488;;;2781;;;1420;;;1649;;;2150;;;2120;;;1908;;;3082;;;
AP21267;217;;;;;;3;;;;;;210;;;;;;;;;;;;4;;;
AP21264;135;;;;;;135;;;;;;;;;;;;;;;;;;;;;
AP21268;202;;;56;;;30;;;66;;;43;;;1;;;;;;6;;;;;;
AP21269;2442;;;177;;;198;;;792;;;384;;;230;;;147;;;76;;;438;;;
AP21270;33660;;;1220;;;603;;;3340;;;6448;;;3255;;;6097;;;5000;;;7697;;;
AP21271;;;;;;;;;;;;;;;;;;;;;;;;;;;;
AP21272;;;;;;;;;;;;;;;;;;;;;;;;;;;;
AP21279;1;;;;;;1;;;;;;;;;;;;;;;;;;;;;
AP21277;1107;;;16;;;8;;;99;;;162;;;73;;;308;;;67;;;374;;;
AP21282;;;;;;;;;;;;;;;;;;;;;;;;;;;;
AP21281;3650;;;33;;;93;;;749;;;247;;;460;;;571;;;908;;;589;;;
AP21280;367;;;7;;;18;;;1;;;230;;;4;;;5;;;10;;;92;;;
AP21286;2468;;;37;;;28;;;225;;;291;;;70;;;405;;;642;;;770;;;
AP21328;71839;;;6930;;;9635;;;6425;;;11511;;;8998;;;9802;;;7549;;;10989;;;
AP21347;36187;;;2953;;;3077;;;2585;;;3929;;;4765;;;5818;;;6498;;;6562;;;
AP21333;31450;;;1748;;;1424;;;2599;;;2091;;;3539;;;4475;;;6881;;;8693;;;
AP21348;26;;;6;;;20;;;;;;;;;;;;;;;;;;;;;
AP21345;95;;;;;;;;;;;;4;;;;;;;;;;;;91;;;
AP21353;21362;;;888;;;947;;;3344;;;1247;;;2621;;;4303;;;3601;;;4411;;;
AP21357;90823;;;15992;;;14327;;;4946;;;17602;;;9549;;;8885;;;9976;;;9546;;;
AP21359;11;;;;;;1;;;5;;;1;;;1;;;2;;;;;;1;;;
AP21360;18739;;;2348;;;2013;;;1378;;;2368;;;2171;;;3243;;;2844;;;2374;;;
AP21364;23001;;;2436;;;3136;;;2299;;;4080;;;2570;;;2260;;;2904;;;3316;;;
AP24086;12369;;;4007;;;2788;;;1251;;;1537;;;28;;;115;;;1676;;;967;;;
AP24264;952;;;700;;;252;;;;;;;;;;;;;;;;;;;;;
AP23945;3429;;;336;;;286;;;336;;;631;;;644;;;226;;;482;;;488;;;
AP21366;3855;;;1267;;;2422;;;;;;90;;;;;;;;;9;;;67;;;
AP21368;14033;;;63;;;63;;;2277;;;2311;;;1937;;;3072;;;2174;;;2136;;;
AP21367;10889;;;1014;;;896;;;1378;;;2728;;;1093;;;1014;;;708;;;2058;;;
AP21371;3026;;;60;;;100;;;506;;;421;;;87;;;308;;;696;;;848;;;
AP21372;36189;;;3500;;;4263;;;3676;;;4440;;;4425;;;5796;;;4981;;;5108;;;
AP21370;4;;;;;;2;;;2;;;;;;;;;;;;;;;;;;
AP21374;4418;;;130;;;103;;;584;;;1693;;;415;;;287;;;697;;;509;;;
AP21375;;;;;;;;;;;;;;;;;;;;;;;;;;;;
AP21377;;;;;;;;;;;;;;;;;;;;;;;;;;;;
AP21384;5239;;;1500;;;270;;;300;;;600;;;695;;;330;;;1044;;;500;;;
AP21386;15019;;;2152;;;1419;;;1714;;;1668;;;2425;;;1900;;;1925;;;1816;;;
AP23946;164211;;;20682;;;29610;;;16895;;;32474;;;23217;;;19672;;;8317;;;13344;;;
AP21398;98;;;5;;;12;;;3;;;67;;;3;;;3;;;3;;;2;;;
AP21399;28;;;5;;;4;;;;;;1;;;12;;;3;;;1;;;2;;;
AP21401;91;;;;;;;;;;;;90;;;;;;;;;;;;1;;;
AP21404;429;;;30;;;;;;;;;354;;;;;;20;;;10;;;15;;;
AP21405;;;;;;;;;;;;;;;;;;;;;;;;;;;;
AP21407;59;;;16;;;2;;;31;;;1;;;;;;9;;;;;;;;;
AP21419;13978;;;3543;;;1290;;;1456;;;1165;;;1984;;;1720;;;1180;;;1640;;;
AP21420;448;;;6;;;22;;;2;;;208;;;7;;;87;;;95;;;21;;;
AP21421;570;;;;;;60;;;90;;;;;;180;;;150;;;90;;;;;;
AP21422;2376;;;270;;;270;;;30;;;441;;;224;;;1;;;360;;;780;;;
AP21428;30;;;;;;;;;;;;;;;30;;;;;;;;;;;;
AP21430;300;;;180;;;120;;;;;;;;;;;;;;;;;;;;;
AP21429;4221;;;260;;;330;;;570;;;1168;;;240;;;885;;;405;;;363;;;
AP21434;77847;;;8332;;;8420;;;9975;;;12388;;;9569;;;8482;;;9974;;;10707;;;
AP21435;176;;;88;;;;;;;;;58;;;30;;;;;;;;;;;;
AP21436;4942;;;645;;;615;;;525;;;1013;;;426;;;320;;;188;;;1210;;;
AP24106;4815;;;756;;;756;;;616;;;995;;;220;;;280;;;772;;;420;;;
AP21448;884;;;252;;;168;;;;;;60;;;84;;;84;;;208;;;28;;;
AP21449;26363;;;2604;;;4417;;;3078;;;4682;;;2864;;;2720;;;3339;;;2659;;;
AP21450;10959;;;1148;;;1183;;;1745;;;1476;;;1433;;;1174;;;1503;;;1297;;;
AP21301;;;;;;;;;;;;;;;;;;;;;;;;;;;;
AP21454;42699;;;6474;;;8120;;;7272;;;7729;;;3597;;;1800;;;4225;;;3482;;;
AP21456;13945;;;2126;;;1994;;;2124;;;1876;;;2340;;;1572;;;1145;;;768;;;
AP21457;6300;;;1170;;;660;;;1260;;;914;;;540;;;586;;;870;;;300;;;
AP21458;219525;;;22740;;;28476;;;25143;;;31549;;;26873;;;27207;;;29740;;;27797;;;
AP21473;30613;;;5940;;;5761;;;3149;;;5244;;;3541;;;2054;;;2910;;;2014;;;
AP21474;45392;;;6420;;;5540;;;5040;;;11081;;;7303;;;3463;;;3881;;;2664;;;
AP23967;451;;;;;;30;;;60;;;30;;;60;;;30;;;30;;;211;;;
AP23966;2086;;;270;;;120;;;300;;;240;;;60;;;310;;;216;;;570;;;
AP21475;48754;;;7200;;;7140;;;4134;;;9926;;;6564;;;4029;;;6572;;;3189;;;
AP21476;22253;;;2280;;;1620;;;1951;;;3173;;;2550;;;2724;;;3810;;;4145;;;
AP21480;441283;;;49900;;;66556;;;43424;;;47862;;;45263;;;80025;;;43088;;;65165;;;
AP21481;144998;;;16815;;;17705;;;19141;;;21478;;;17796;;;11766;;;15637;;;24660;;;
AP21484;105;;;;;;;;;;;;;;;20;;;;;;;;;85;;;
AP21485;18013;;;1925;;;1724;;;1250;;;1612;;;2279;;;2499;;;2932;;;3792;;;
AP21486;3938;;;338;;;537;;;311;;;239;;;741;;;450;;;531;;;791;;;
AP21487;759;;;40;;;94;;;30;;;104;;;167;;;10;;;190;;;124;;;
AP21499;6167;;;840;;;730;;;166;;;841;;;915;;;663;;;480;;;1532;;;
AP21500;211;;;60;;;30;;;60;;;61;;;;;;;;;;;;;;;
AP21511;;;;;;;;;;;;;;;;;;;;;;;;;;;;
AP21514;1792;;;417;;;228;;;140;;;121;;;198;;;386;;;164;;;138;;;
AP21532;119703;;;12638;;;13658;;;8284;;;17181;;;17343;;;14003;;;15337;;;21259;;;
AP21533;64605;;;7352;;;6540;;;4765;;;9348;;;7970;;;8986;;;7888;;;11756;;;
AP21535;3136;;;814;;;786;;;424;;;772;;;140;;;84;;;32;;;84;;;
AP21539;569121;;;62805;;;67567;;;64576;;;90992;;;82180;;;98601;;;66206;;;36194;;;
AP21542;388212;;;40641;;;56677;;;51617;;;46436;;;52919;;;51787;;;54255;;;33880;;;
AP22539;4009;;;1443;;;2566;;;;;;;;;;;;;;;;;;;;;
AP21550;1500;;;540;;;150;;;270;;;90;;;180;;;90;;;90;;;90;;;
AP21551;24823;;;2147;;;4000;;;3782;;;3545;;;2906;;;1987;;;3375;;;3081;;;
AP21552;146517;;;18286;;;20828;;;17050;;;21964;;;20601;;;23270;;;15562;;;8956;;;
AP21557;6;;;;;;6;;;;;;;;;;;;;;;;;;;;;
AP21561;4;;;4;;;;;;;;;;;;;;;;;;;;;;;;
AP21560;360;;;;;;360;;;;;;;;;;;;;;;;;;;;;
AP21575;327;;;4;;;7;;;8;;;99;;;2;;;94;;;11;;;102;;;
AP21571;16029;;;479;;;428;;;863;;;561;;;2578;;;1592;;;3603;;;5925;;;
AP21572;;;;;;;;;;;;;;;;;;;;;;;;;;;;
AP21585;4099;;;243;;;191;;;541;;;246;;;512;;;786;;;677;;;903;;;
AP21587;25475;;;2901;;;3269;;;3162;;;2621;;;2735;;;4078;;;2411;;;4298;;;
AP21601;;;;;;;;;;;;;;;;;;;;;;;;;;;;
AP24167;;;;;;;;;;;;;;;;;;;;;;;;;;;;
AP21603;;;;;;;;;;;;;;;;;;;;;;;;;;;;
AP21608;360;;;87;;;21;;;;;;49;;;21;;;49;;;70;;;63;;;
AP21607;41930;;;2898;;;3957;;;3483;;;5744;;;7218;;;5516;;;6194;;;6920;;;
AP21618;2056;;;115;;;65;;;226;;;132;;;540;;;352;;;236;;;390;;;
AP24132;;;;;;;;;;;;;;;;;;;;;;;;;;;;
AP21658;753;;;;;;84;;;28;;;120;;;168;;;240;;;56;;;57;;;
AP21697;;;;;;;;;;;;;;;;;;;;;;;;;;;;
AP21702;120;;;;;;60;;;60;;;;;;;;;;;;;;;;;;
AP21706;5135;;;631;;;271;;;623;;;925;;;958;;;489;;;749;;;489;;;
AP21723;1219;;;34;;;35;;;102;;;87;;;29;;;78;;;501;;;353;;;
AP21728;5740;;;780;;;930;;;250;;;760;;;950;;;1010;;;740;;;320;;;
AP21742;24830;;;2370;;;1470;;;3914;;;3330;;;2626;;;3065;;;3199;;;4856;;;
AP21743;69883;;;7254;;;8910;;;11321;;;8721;;;8253;;;10122;;;9425;;;5877;;;
AP21745;456;;;;;;210;;;30;;;216;;;;;;;;;;;;;;;
AP21738;26762;;;2650;;;3610;;;3827;;;3270;;;3033;;;3632;;;3199;;;3541;;;
AP24159;;;;;;;;;;;;;;;;;;;;;;;;;;;;
AP21744;;;;;;;;;;;;;;;;;;;;;;;;;;;;
AP21769;149090;;;11253;;;17504;;;15595;;;18211;;;20012;;;22428;;;21924;;;22163;;;
AP21770;2297;;;31;;;456;;;257;;;211;;;206;;;115;;;601;;;420;;;
AP21771;21125;;;395;;;858;;;2541;;;8252;;;875;;;3390;;;2120;;;2694;;;
AP21780;210;;;;;;;;;120;;;;;;;;;90;;;;;;;;;
AP21782;29;;;;;;21;;;1;;;3;;;1;;;3;;;;;;;;;
AP21785;;;;;;;;;;;;;;;;;;;;;;;;;;;;
AP21786;1405;;;220;;;40;;;230;;;230;;;120;;;81;;;399;;;85;;;
AP21795;667;;;22;;;12;;;;;;403;;;4;;;42;;;184;;;;;;
AP21790;2153;;;99;;;164;;;350;;;228;;;288;;;425;;;233;;;366;;;
AP21791;17323;;;1460;;;1359;;;1339;;;1938;;;3201;;;2463;;;2349;;;3214;;;
AP21792;;;;;;;;;;;;;;;;;;;;;;;;;;;;
AP21793;69;;;2;;;1;;;;;;3;;;;;;;;;60;;;3;;;
AP21799;41760;;;4625;;;5080;;;3004;;;5227;;;4175;;;6042;;;7252;;;6355;;;
AP21800;7248;;;930;;;1052;;;1041;;;1715;;;451;;;1372;;;450;;;237;;;
AP21806;1750;;;61;;;53;;;42;;;503;;;249;;;220;;;273;;;349;;;
AP21813;105153;;;14270;;;12443;;;4799;;;13015;;;17959;;;17877;;;13988;;;10802;;;
AP21814;4326;;;248;;;287;;;388;;;1040;;;224;;;509;;;764;;;866;;;
AP21819;7134;;;181;;;196;;;595;;;1575;;;593;;;1037;;;702;;;2255;;;
AP21821;816;;;1;;;2;;;;;;;;;;;;;;;423;;;390;;;
AP21826;2682;;;172;;;138;;;297;;;588;;;477;;;566;;;237;;;207;;;
AP21827;9;;;6;;;3;;;;;;;;;;;;;;;;;;;;;
AP21828;1206;;;40;;;202;;;224;;;143;;;85;;;86;;;210;;;216;;;
AP21829;135;;;;;;1;;;;;;5;;;;;;3;;;1;;;125;;;
AP21830;;;;;;;;;;;;;;;;;;;;;;;;;;;;
AP21831;649;;;4;;;4;;;184;;;155;;;3;;;15;;;6;;;278;;;
AP21834;22333;;;1920;;;2940;;;2790;;;3979;;;2655;;;1916;;;2733;;;3400;;;
AP21838;13507;;;1305;;;1049;;;2003;;;2728;;;1519;;;1508;;;1448;;;1947;;;
AP21850;62;;;2;;;;;;30;;;30;;;;;;;;;;;;;;;
AP21847;3;;;;;;3;;;;;;;;;;;;;;;;;;;;;
AP21855;;;;;;;;;;;;;;;;;;;;;;;;;;;;
AP21856;;;;;;;;;;;;;;;;;;;;;;;;;;;;
AP21870;;;;;;;;;;;;;;;;;;;;;;;;;;;;
AP21873;325;;;12;;;;;;39;;;2;;;3;;;;;;19;;;250;;;
AP21874;179717;;;18817;;;19656;;;22664;;;23894;;;22778;;;23424;;;21506;;;26978;;;
AP21876;2546;;;75;;;106;;;405;;;230;;;166;;;459;;;522;;;583;;;
AP21881;6386;;;510;;;555;;;430;;;306;;;1110;;;1515;;;1300;;;660;;;
AP21889;722;;;56;;;49;;;28;;;35;;;2;;;56;;;;;;496;;;
AP21891;2121;;;90;;;391;;;112;;;125;;;372;;;147;;;434;;;450;;;
AP21903;91578;;;9900;;;8790;;;12628;;;12491;;;11826;;;10806;;;11111;;;14026;;;
AP21904;5604;;;1080;;;480;;;480;;;544;;;420;;;789;;;901;;;910;;;
AP21909;2046;;;72;;;77;;;74;;;305;;;374;;;288;;;299;;;557;;;
AP21906;82;;;4;;;4;;;;;;66;;;4;;;;;;1;;;3;;;
AP21911;1412;;;16;;;19;;;12;;;209;;;219;;;218;;;235;;;484;;;
AP21912;;;;;;;;;;;;;;;;;;;;;;;;;;;;
AP21913;50;;;11;;;13;;;3;;;3;;;13;;;;;;3;;;4;;;
AP21922;3260;;;270;;;210;;;330;;;510;;;300;;;610;;;550;;;480;;;
AP21924;;;;;;;;;;;;;;;;;;;;;;;;;;;;
AP21927;1669;;;5;;;25;;;249;;;336;;;82;;;103;;;371;;;498;;;
AP24191;36252;;;923;;;1078;;;2907;;;13083;;;1875;;;5762;;;5000;;;5624;;;
AP21935;180;;;;;;;;;;;;180;;;;;;;;;;;;;;;
AP21942;750;;;;;;180;;;120;;;90;;;30;;;;;;210;;;120;;;
AP21947;50152;;;5700;;;5250;;;6598;;;6450;;;4033;;;5816;;;6768;;;9537;;;
AP21948;22433;;;900;;;2878;;;1238;;;4667;;;1306;;;2242;;;3201;;;6001;;;
AP21951;2618;;;540;;;690;;;180;;;172;;;360;;;210;;;190;;;276;;;
AP21952;1510;;;240;;;570;;;90;;;249;;;61;;;120;;;150;;;30;;;
AP21954;2370;;;240;;;300;;;60;;;330;;;30;;;480;;;420;;;510;;;
AP21972;591;;;20;;;;;;;;;;;;30;;;240;;;181;;;120;;;
AP21974;705;;;41;;;47;;;132;;;46;;;72;;;57;;;45;;;265;;;
AP21976;1444;;;90;;;450;;;;;;360;;;90;;;30;;;210;;;214;;;
AP21977;;;;;;;;;;;;;;;;;;;;;;;;;;;;
AP23105;11341;;;246;;;162;;;822;;;5620;;;314;;;1011;;;1568;;;1598;;;
AP21986;44355;;;5160;;;5880;;;6060;;;5700;;;3866;;;4467;;;5519;;;7703;;;
AP21987;684838;;;66870;;;65043;;;95560;;;89836;;;103417;;;86365;;;98837;;;78910;;;
AP21988;;;;;;;;;;;;;;;;;;;;;;;;;;;;
AP21989;5704;;;1038;;;1440;;;364;;;619;;;355;;;390;;;480;;;1018;;;
AP21990;2036;;;240;;;268;;;300;;;120;;;90;;;360;;;300;;;358;;;
AP21991;952;;;586;;;84;;;;;;232;;;20;;;;;;;;;30;;;
AP21992;23386;;;1860;;;1965;;;4788;;;3270;;;2872;;;2666;;;2613;;;3352;;;
AP21993;161446;;;23272;;;25573;;;25987;;;23437;;;13006;;;13772;;;14499;;;21900;;;
AP21994;66926;;;9120;;;8435;;;8444;;;8462;;;7067;;;7564;;;7697;;;10137;;;
AP22002;1618;;;150;;;;;;;;;174;;;90;;;420;;;390;;;394;;;
AP22003;;;;;;;;;;;;;;;;;;;;;;;;;;;;
AP22004;42433;;;3864;;;5435;;;5512;;;7690;;;3878;;;5697;;;5642;;;4715;;;
AP22007;10540;;;1844;;;1508;;;1436;;;846;;;896;;;1697;;;1700;;;613;;;
AP22009;10354;;;448;;;350;;;1400;;;1714;;;1015;;;1908;;;1345;;;2174;;;
AP22014;196;;;;;;5;;;1;;;67;;;68;;;33;;;11;;;11;;;
AP22018;2221;;;;;;720;;;100;;;120;;;;;;701;;;580;;;;;;
AP22021;260;;;50;;;100;;;60;;;50;;;;;;;;;;;;;;;
AP22015;7235;;;147;;;151;;;1150;;;397;;;544;;;1264;;;1623;;;1959;;;
AP22017;256;;;5;;;9;;;12;;;5;;;14;;;110;;;16;;;85;;;
AP22022;13682;;;159;;;190;;;907;;;6365;;;1411;;;968;;;2124;;;1558;;;
AP22023;195;;;114;;;81;;;;;;;;;;;;;;;;;;;;;
AP22041;16;;;4;;;;;;;;;4;;;1;;;2;;;4;;;1;;;
AP22039;90;;;;;;;;;90;;;;;;;;;;;;;;;;;;
AP22040;1;;;;;;1;;;;;;;;;;;;;;;;;;;;;
AP22043;77747;;;8960;;;10292;;;8415;;;8671;;;10916;;;10442;;;9733;;;10318;;;
AP22045;;;;;;;;;;;;;;;;;;;;;;;;;;;;
AP22047;250;;;;;;;;;;;;120;;;;;;60;;;30;;;40;;;
AP22051;;;;;;;;;;;;;;;;;;;;;;;;;;;;
AP22053;53;;;;;;3;;;;;;4;;;6;;;32;;;2;;;6;;;
AP22066;1;;;;;;1;;;;;;;;;;;;;;;;;;;;;
AP22069;21669;;;1185;;;2535;;;2569;;;3243;;;3706;;;2379;;;2901;;;3151;;;
AP22068;441;;;25;;;11;;;102;;;8;;;19;;;8;;;47;;;221;;;
AP22072;85457;;;11900;;;9927;;;5818;;;13103;;;9701;;;10933;;;13702;;;10373;;;
AP22063;14;;;12;;;;;;;;;;;;2;;;;;;;;;;;;
AP22081;122575;;;14132;;;12470;;;10135;;;14466;;;19156;;;14053;;;19233;;;18930;;;
AP22083;1617;;;81;;;64;;;22;;;135;;;371;;;269;;;168;;;507;;;
AP22091;488;;;6;;;3;;;4;;;33;;;16;;;131;;;190;;;105;;;
AP22098;2612;;;68;;;47;;;160;;;474;;;210;;;450;;;864;;;339;;;
AP22104;75035;;;;;;;;;9053;;;9842;;;12802;;;13845;;;14070;;;15423;;;
AP22112;10379;;;1405;;;1481;;;1287;;;1302;;;722;;;1397;;;1483;;;1302;;;
AP22115;16666;;;1637;;;1727;;;1400;;;2116;;;1258;;;1774;;;2994;;;3760;;;
AP22133;7514;;;780;;;330;;;908;;;841;;;1081;;;1050;;;1064;;;1460;;;
AP22134;39282;;;3570;;;5550;;;3433;;;5722;;;4018;;;5884;;;5774;;;5331;;;
AP22137;270;;;;;;;;;60;;;;;;60;;;60;;;60;;;30;;;
AP22138;10562;;;750;;;1200;;;1230;;;1258;;;1050;;;1545;;;1415;;;2114;;;
AP22139;2098;;;330;;;210;;;267;;;327;;;123;;;180;;;180;;;481;;;
AP22142;278;;;180;;;;;;;;;6;;;;;;1;;;90;;;1;;;
AP22143;;;;;;;;;;;;;;;;;;;;;;;;;;;;
AP22145;840;;;;;;180;;;180;;;300;;;;;;;;;;;;180;;;
AP22185;5075;;;170;;;146;;;364;;;2109;;;176;;;409;;;600;;;1101;;;
AP23985;90;;;35;;;55;;;;;;;;;;;;;;;;;;;;;
AP22187;160;;;2;;;4;;;106;;;14;;;5;;;2;;;17;;;10;;;
AP22190;3602;;;1780;;;1822;;;;;;;;;;;;;;;;;;;;;
AP22189;38563;;;12;;;;;;4906;;;12793;;;1527;;;3496;;;7715;;;8114;;;
AP22188;;;;;;;;;;;;;;;;;;;;;;;;;;;;
AP22194;3;;;3;;;;;;;;;;;;;;;;;;;;;;;;
AP22193;10955;;;257;;;270;;;720;;;4359;;;258;;;1046;;;1497;;;2548;;;
AP22192;474;;;213;;;261;;;;;;;;;;;;;;;;;;;;;
AP22200;;;;;;;;;;;;;;;;;;;;;;;;;;;;
AP22202;817;;;23;;;48;;;40;;;224;;;23;;;247;;;111;;;101;;;
AP22203;10;;;4;;;6;;;;;;;;;;;;;;;;;;;;;
AP22201;;;;;;;;;;;;;;;;;;;;;;;;;;;;
AP22195;3;;;;;;3;;;;;;;;;;;;;;;;;;;;;
AP22197;;;;;;;;;;;;;;;;;;;;;;;;;;;;
AP22196;;;;;;;;;;;;;;;;;;;;;;;;;;;;
AP23864;;;;;;;;;;;;;;;;;;;;;;;;;;;;
AP23868;1;;;;;;;;;;;;;;;;;;;;;1;;;;;;
AP22230;197;;;3;;;;;;2;;;183;;;;;;2;;;2;;;5;;;
AP22231;8585;;;478;;;368;;;358;;;540;;;727;;;1066;;;2222;;;2826;;;
AP22235;35811;;;2910;;;3930;;;2956;;;4116;;;5185;;;4359;;;5446;;;6909;;;
AP22236;2809;;;900;;;360;;;265;;;568;;;90;;;32;;;174;;;420;;;
AP22246;16527;;;720;;;1020;;;1504;;;3767;;;2478;;;2098;;;2915;;;2025;;;
AP22247;;;;;;;;;;;;;;;;;;;;;;;;;;;;
AP22249;16138;;;2010;;;2370;;;3600;;;2820;;;1791;;;947;;;828;;;1772;;;
AP22255;1327;;;90;;;180;;;120;;;121;;;153;;;60;;;390;;;213;;;
AP22256;120;;;30;;;;;;;;;;;;;;;;;;;;;90;;;
AP22259;7554;;;660;;;180;;;2036;;;1054;;;646;;;1082;;;420;;;1476;;;
AP22260;4593;;;720;;;654;;;420;;;646;;;640;;;493;;;660;;;360;;;
AP24460;;;;;;;;;;;;;;;;;;;;;;;;;;;;
AP22263;72588;;;5938;;;11554;;;8887;;;12577;;;10350;;;8459;;;4272;;;10551;;;
AP22271;1806;;;343;;;266;;;114;;;325;;;107;;;238;;;176;;;237;;;
AP22281;1348;;;47;;;54;;;30;;;129;;;109;;;326;;;404;;;249;;;
AP-Jeringa Insulina;898;;;;;;326;;;120;;;120;;;62;;;;;;270;;;;;;
AP22287;;;;;;;;;;;;;;;;;;;;;;;;;;;;
AP22290;3228;;;342;;;327;;;155;;;1090;;;104;;;394;;;580;;;236;;;
AP22307;367;;;56;;;45;;;210;;;25;;;;;;30;;;;;;1;;;
AP22308;3528;;;93;;;88;;;633;;;667;;;495;;;274;;;513;;;765;;;
AP22310;36331;;;5754;;;3562;;;4645;;;3960;;;3232;;;4552;;;4922;;;5704;;;
AP22311;648;;;120;;;120;;;288;;;;;;120;;;;;;;;;;;;
AP22312;17741;;;1156;;;2202;;;2156;;;1335;;;1802;;;3008;;;2666;;;3416;;;
AP22314;20916;;;2468;;;2590;;;2644;;;2196;;;2322;;;3404;;;2053;;;3239;;;
AP24173;1233;;;40;;;38;;;38;;;153;;;101;;;166;;;346;;;351;;;
AP22330;34017;;;3030;;;3447;;;3256;;;5290;;;3518;;;5281;;;4918;;;5277;;;
AP22335;6960;;;3540;;;2700;;;720;;;;;;;;;;;;;;;;;;
AP22336;29822;;;;;;90;;;4590;;;6312;;;4650;;;4430;;;5010;;;4740;;;
AP22338;14334;;;1680;;;1830;;;1694;;;1502;;;1290;;;1260;;;3113;;;1965;;;
AP22339;510;;;420;;;90;;;;;;;;;;;;;;;;;;;;;
AP22340;456;;;;;;;;;90;;;66;;;90;;;;;;210;;;;;;
AP22342;32132;;;3480;;;4860;;;3011;;;5126;;;2613;;;3635;;;3256;;;6151;;;
AP22343;;;;;;;;;;;;;;;;;;;;;;;;;;;;
AP-Lancetas;313614;;;34636;;;37645;;;25896;;;48323;;;36016;;;35670;;;35494;;;59934;;;
AP22347;7714;;;2236;;;1466;;;240;;;987;;;562;;;819;;;313;;;1091;;;
AP22348;;;;;;;;;;;;;;;;;;;;;;;;;;;;
AP22350;1999;;;1971;;;28;;;;;;;;;;;;;;;;;;;;;
AP22349;85079;;;9610;;;9143;;;9320;;;9135;;;10816;;;12939;;;10611;;;13505;;;
AP22355;4810;;;21;;;47;;;987;;;1543;;;1036;;;481;;;612;;;83;;;
AP24533;2042;;;197;;;138;;;;;;217;;;5;;;74;;;1214;;;197;;;
AP22359;;;;;;;;;;;;;;;;;;;;;;;;;;;;
AP22361;210;;;30;;;180;;;;;;;;;;;;;;;;;;;;;
AP22360;31468;;;4425;;;3368;;;4014;;;4321;;;3612;;;3502;;;3798;;;4428;;;
AP22377;1325;;;27;;;9;;;54;;;167;;;307;;;216;;;192;;;353;;;
AP22387;201;;;7;;;19;;;;;;7;;;;;;45;;;30;;;93;;;
AP24218;;;;;;;;;;;;;;;;;;;;;;;;;;;;
AP22389;30;;;;;;30;;;;;;;;;;;;;;;;;;;;;
AP22388;11588;;;1286;;;1921;;;1465;;;1915;;;1650;;;1689;;;966;;;696;;;
AP22391;4;;;1;;;3;;;;;;;;;;;;;;;;;;;;;
AP23961;5219;;;350;;;948;;;30;;;1382;;;150;;;930;;;1009;;;420;;;
AP24128;736;;;120;;;120;;;90;;;135;;;;;;151;;;90;;;30;;;
AP22393;7257;;;946;;;935;;;511;;;885;;;1023;;;1246;;;677;;;1034;;;
AP22396;1915;;;57;;;119;;;213;;;449;;;406;;;120;;;187;;;364;;;
AP22397;2640;;;120;;;450;;;30;;;150;;;510;;;390;;;570;;;420;;;
AP22398;9456;;;1570;;;740;;;990;;;1410;;;820;;;1230;;;1131;;;1565;;;
AP22399;3980;;;69;;;201;;;445;;;629;;;725;;;199;;;995;;;717;;;
AP22400;;;;;;;;;;;;;;;;;;;;;;;;;;;;
AP22401;16;;;;;;;;;;;;;;;;;;;;;16;;;;;;
AP22402;;;;;;;;;;;;;;;;;;;;;;;;;;;;
AP22405;1084;;;56;;;37;;;143;;;52;;;260;;;79;;;229;;;228;;;
AP21606;3341;;;1867;;;189;;;126;;;501;;;267;;;105;;;72;;;214;;;
AP22412;193834;;;31892;;;34613;;;28882;;;30174;;;29406;;;9850;;;6706;;;22311;;;
AP22413;60;;;60;;;;;;;;;;;;;;;;;;;;;;;;
AP22429;272;;;4;;;3;;;9;;;6;;;197;;;7;;;6;;;40;;;
AP22431;18689;;;712;;;592;;;2304;;;2121;;;2285;;;3807;;;2615;;;4253;;;
AP22432;;;;;;;;;;;;;;;;;;;;;;;;;;;;
AP24463;266;;;;;;2;;;62;;;3;;;3;;;184;;;8;;;4;;;
AP24461;;;;;;;;;;;;;;;;;;;;;;;;;;;;
AP24465;;;;;;;;;;;;;;;;;;;;;;;;;;;;
AP22434;62;;;60;;;2;;;;;;;;;;;;;;;;;;;;;
AP22435;5;;;1;;;4;;;;;;;;;;;;;;;;;;;;;
AP24462;;;;;;;;;;;;;;;;;;;;;;;;;;;;
AP22447;1675;;;90;;;90;;;408;;;176;;;354;;;124;;;290;;;143;;;
AP22449;4860;;;600;;;540;;;960;;;450;;;420;;;960;;;360;;;570;;;
AP22450;;;;;;;;;;;;;;;;;;;;;;;;;;;;
AP22451;780;;;;;;60;;;150;;;180;;;60;;;120;;;30;;;180;;;
AP23627;14515;;;1140;;;990;;;840;;;3060;;;870;;;2520;;;2446;;;2649;;;
AP22476;18930;;;1233;;;2673;;;1910;;;1702;;;1995;;;3038;;;3019;;;3360;;;
AP22481;45767;;;5071;;;5261;;;5065;;;5962;;;6097;;;5903;;;5705;;;6703;;;
AP22482;1786;;;42;;;55;;;134;;;421;;;250;;;657;;;187;;;40;;;
AP22490;163926;;;19480;;;16960;;;18669;;;24181;;;20773;;;21216;;;20930;;;21717;;;
AP22491;1969662;;;245395;;;209827;;;218834;;;271072;;;235798;;;227632;;;242055;;;319049;;;
AP22493;1196;;;47;;;38;;;218;;;217;;;213;;;139;;;132;;;192;;;
AP22495;3434;;;510;;;390;;;450;;;360;;;450;;;304;;;340;;;630;;;
AP22496;4343;;;688;;;804;;;934;;;621;;;453;;;259;;;442;;;142;;;
AP22497;3884;;;90;;;1432;;;720;;;466;;;;;;392;;;341;;;443;;;
AP24471;9;;;1;;;5;;;;;;;;;;;;;;;3;;;;;;
AP22501;23;;;;;;;;;1;;;12;;;1;;;1;;;2;;;6;;;
AP22509;;;;;;;;;;;;;;;;;;;;;;;;;;;;
AP22510;3;;;;;;;;;;;;;;;;;;1;;;1;;;1;;;
AP22518;3259;;;113;;;92;;;436;;;103;;;938;;;395;;;540;;;642;;;
AP22517;28;;;;;;28;;;;;;;;;;;;;;;;;;;;;
AP22522;5390;;;714;;;1036;;;520;;;611;;;520;;;540;;;310;;;1139;;;
AP22531;32980;;;2640;;;3720;;;5013;;;3651;;;3003;;;5100;;;4369;;;5484;;;
AP22537;96999;;;7609;;;10550;;;13734;;;14234;;;11212;;;19791;;;9723;;;10146;;;
AP22541;10347;;;240;;;345;;;648;;;482;;;1138;;;1459;;;1692;;;4343;;;
AP22542;34702;;;4810;;;4507;;;3444;;;5221;;;5054;;;4293;;;3427;;;3946;;;
AP22546;24533;;;3717;;;3564;;;975;;;4080;;;1887;;;3232;;;2423;;;4655;;;
AP22549;8323;;;810;;;990;;;1020;;;1150;;;1200;;;931;;;1069;;;1153;;;
AP22563;42;;;;;;;;;;;;30;;;;;;;;;;;;12;;;
AP22570;;;;;;;;;;;;;;;;;;;;;;;;;;;;
AP22573;1796;;;224;;;265;;;200;;;285;;;68;;;46;;;240;;;468;;;
AP22571;37254;;;3429;;;5041;;;4286;;;6649;;;4380;;;3722;;;4090;;;5657;;;
AP22572;1305;;;1095;;;210;;;;;;;;;;;;;;;;;;;;;
AP22581;47376;;;6080;;;5600;;;4093;;;6765;;;3952;;;8113;;;4344;;;8429;;;
AP22583;63263;;;;;;;;;12934;;;10674;;;11227;;;9227;;;9128;;;10073;;;
AP22587;218613;;;5075;;;;;;24401;;;31668;;;36467;;;35817;;;38705;;;46480;;;
AP22594;772;;;366;;;406;;;;;;;;;;;;;;;;;;;;;
AP22593;11443;;;789;;;336;;;1154;;;3088;;;1656;;;2174;;;593;;;1653;;;
AP22595;;;;;;;;;;;;;;;;;;;;;;;;;;;;
AP22596;1317;;;196;;;196;;;168;;;232;;;112;;;76;;;;;;337;;;
AP22597;172669;;;35638;;;35679;;;34210;;;33549;;;19087;;;5965;;;4279;;;4262;;;
AP22598;19204;;;1556;;;1792;;;2054;;;2240;;;1833;;;3036;;;2453;;;4240;;;
AP22599;82392;;;8869;;;7350;;;11944;;;8573;;;7658;;;11460;;;12599;;;13939;;;
AP22613;764;;;40;;;161;;;40;;;32;;;81;;;169;;;108;;;133;;;
AP22616;10570;;;1715;;;1579;;;1705;;;1500;;;1093;;;765;;;1276;;;937;;;
AP22615;153;;;;;;;;;60;;;93;;;;;;;;;;;;;;;
AP22617;78;;;;;;;;;;;;4;;;60;;;7;;;;;;7;;;
AP22618;35590;;;4660;;;4610;;;2685;;;2835;;;3896;;;5042;;;6647;;;5215;;;
AP22623;98893;;;9443;;;7937;;;10291;;;11531;;;12038;;;15384;;;14817;;;17452;;;
AP22624;20978;;;1846;;;2302;;;883;;;2514;;;3373;;;2730;;;3595;;;3735;;;
AP22625;514;;;3;;;16;;;6;;;160;;;35;;;20;;;192;;;82;;;
AP22629;398;;;2;;;4;;;2;;;9;;;364;;;6;;;6;;;5;;;
AP22632;2;;;;;;;;;;;;;;;;;;;;;2;;;;;;
AP22635;7874;;;660;;;;;;423;;;1536;;;664;;;1410;;;1291;;;1890;;;
AP22638;8666;;;510;;;600;;;626;;;1774;;;1297;;;1300;;;1320;;;1239;;;
AP22640;89359;;;1620;;;1380;;;12409;;;17588;;;12763;;;11045;;;17669;;;14885;;;
AP22642;1110;;;690;;;420;;;;;;;;;;;;;;;;;;;;;
AP22643;26900;;;10460;;;15069;;;;;;120;;;;;;;;;270;;;981;;;
AP22663;216;;;144;;;72;;;;;;;;;;;;;;;;;;;;;
AP22665;;;;;;;;;;;;;;;;;;;;;;;;;;;;
AP22667;251;;;20;;;10;;;6;;;19;;;160;;;20;;;7;;;9;;;
AP22670;15517;;;1164;;;1029;;;1594;;;3535;;;1553;;;1866;;;2251;;;2525;;;
AP22668;55227;;;6547;;;6362;;;5801;;;7732;;;6324;;;6949;;;7571;;;7941;;;
AP22671;14;;;;;;14;;;;;;;;;;;;;;;;;;;;;
AP22674;;;;;;;;;;;;;;;;;;;;;;;;;;;;
AP22677;;;;;;;;;;;;;;;;;;;;;;;;;;;;
AP22679;943;;;35;;;53;;;47;;;341;;;56;;;115;;;233;;;63;;;
AP22722;3195;;;180;;;720;;;;;;375;;;30;;;510;;;1320;;;60;;;
AP22723;31126;;;4390;;;4410;;;2773;;;2276;;;2443;;;5721;;;5040;;;4073;;;
AP22697;480;;;90;;;;;;60;;;;;;80;;;70;;;90;;;90;;;
AP22700;3591;;;795;;;330;;;390;;;395;;;491;;;725;;;435;;;30;;;
AP22707;7280;;;750;;;630;;;615;;;780;;;810;;;774;;;1029;;;1892;;;
AP22713;;;;;;;;;;;;;;;;;;;;;;;;;;;;
AP22712;;;;;;;;;;;;;;;;;;;;;;;;;;;;
AP22715;;;;;;;;;;;;;;;;;;;;;;;;;;;;
AP22727;764;;;9;;;11;;;2;;;428;;;;;;34;;;38;;;242;;;
AP22731;;;;;;;;;;;;;;;;;;;;;;;;;;;;
AP22730;18321;;;1725;;;1860;;;2280;;;2811;;;2510;;;1529;;;3033;;;2573;;;
AP22735;1157;;;150;;;30;;;2;;;400;;;;;;240;;;200;;;135;;;
AP22734;5727;;;495;;;625;;;540;;;330;;;1020;;;1245;;;544;;;928;;;
AP22736;12974;;;1390;;;1355;;;896;;;2031;;;1518;;;1850;;;1275;;;2659;;;
AP22741;24121;;;3825;;;3547;;;2411;;;4163;;;2513;;;1733;;;2772;;;3157;;;
AP22747;3446;;;91;;;75;;;137;;;1097;;;237;;;130;;;276;;;1403;;;
AP22745;402;;;32;;;52;;;7;;;;;;129;;;56;;;104;;;22;;;
AP20132;6;;;;;;6;;;;;;;;;;;;;;;;;;;;;
AP20135;3555;;;103;;;120;;;637;;;592;;;610;;;592;;;392;;;509;;;
AP20136;1594;;;620;;;804;;;;;;;;;;;;;;;;;;170;;;
AP20140;68810;;;7540;;;9000;;;8515;;;8876;;;6686;;;9784;;;6960;;;11449;;;
AP22775;;;;;;;;;;;;;;;;;;;;;;;;;;;;
AP22776;;;;;;;;;;;;;;;;;;;;;;;;;;;;
AP22777;;;;;;;;;;;;;;;;;;;;;;;;;;;;
AP22778;;;;;;;;;;;;;;;;;;;;;;;;;;;;
AP22790;88;;;28;;;60;;;;;;;;;;;;;;;;;;;;;
AP22791;2121;;;;;;2;;;324;;;399;;;408;;;573;;;31;;;384;;;
AP22792;675;;;14;;;13;;;21;;;119;;;344;;;15;;;14;;;135;;;
AP22794;152964;;;6037;;;2233;;;19818;;;20062;;;24848;;;26058;;;25261;;;28647;;;
AP22798;40730;;;14181;;;15482;;;1985;;;1871;;;1535;;;2162;;;1903;;;1611;;;
AP22802;2585;;;203;;;302;;;433;;;218;;;314;;;441;;;424;;;250;;;
AP22804;1656;;;204;;;301;;;134;;;265;;;64;;;29;;;549;;;110;;;
AP22810;2328;;;276;;;306;;;;;;88;;;542;;;492;;;142;;;482;;;
AP22835;6;;;;;;6;;;;;;;;;;;;;;;;;;;;;
AP22840;495;;;150;;;150;;;;;;93;;;;;;;;;;;;102;;;
AP22838;84672;;;1950;;;;;;9094;;;12436;;;17616;;;13355;;;16168;;;14053;;;
AP24151;25837;;;9240;;;16597;;;;;;;;;;;;;;;;;;;;;
AP22839;240;;;60;;;90;;;90;;;;;;;;;;;;;;;;;;
AP22850;36388;;;3141;;;4341;;;4441;;;5948;;;5143;;;4849;;;3702;;;4823;;;
AP22855;541;;;19;;;39;;;16;;;55;;;115;;;38;;;128;;;131;;;
AP22853;15;;;10;;;;;;;;;;;;;;;;;;5;;;;;;
AP22854;1640;;;98;;;106;;;198;;;142;;;61;;;106;;;378;;;551;;;
AP22856;;;;;;;;;;;;;;;;;;;;;;;;;;;;
AP22858;6711;;;149;;;312;;;946;;;898;;;761;;;468;;;1308;;;1869;;;
AP22860;4324;;;50;;;74;;;573;;;1568;;;342;;;616;;;512;;;589;;;
AP22867;49102;;;4710;;;4591;;;5980;;;6300;;;5288;;;8616;;;6364;;;7253;;;
AP22870;45;;;;;;;;;;;;;;;;;;15;;;30;;;;;;
AP22879;1240;;;175;;;106;;;284;;;72;;;130;;;157;;;54;;;262;;;
AP22886;25420;;;2910;;;2760;;;2370;;;2900;;;1800;;;4168;;;3289;;;5223;;;
AP22888;;;;;;;;;;;;;;;;;;;;;;;;;;;;
AP22889;21927;;;1650;;;2870;;;1873;;;2280;;;3150;;;3584;;;2621;;;3899;;;
AP22890;;;;;;;;;;;;;;;;;;;;;;;;;;;;
AP22895;2190;;;180;;;120;;;;;;300;;;270;;;810;;;210;;;300;;;
AP22899;20356;;;734;;;648;;;1636;;;4175;;;1783;;;4124;;;3571;;;3685;;;
AP22906;295617;;;35150;;;25966;;;35948;;;46448;;;43187;;;43974;;;34982;;;29962;;;
AP22908;2086;;;837;;;1185;;;;;;33;;;6;;;2;;;;;;23;;;
AP22907;15640;;;1072;;;1259;;;2061;;;3141;;;1895;;;1913;;;2327;;;1972;;;
AP22926;2324;;;401;;;470;;;60;;;402;;;;;;30;;;210;;;751;;;
AP22927;11;;;;;;;;;;;;;;;8;;;;;;3;;;;;;
AP22938;11340;;;958;;;1790;;;1430;;;814;;;1223;;;1597;;;1638;;;1890;;;
AP22940;149;;;9;;;;;;90;;;4;;;2;;;8;;;;;;36;;;
AP22939;3455;;;480;;;510;;;810;;;270;;;360;;;475;;;105;;;445;;;
AP22946;718;;;10;;;17;;;148;;;15;;;15;;;105;;;74;;;334;;;
AP22947;1;;;;;;1;;;;;;;;;;;;;;;;;;;;;
AP22948;2742;;;67;;;93;;;324;;;202;;;70;;;1169;;;455;;;362;;;
AP22964;1258;;;432;;;370;;;112;;;86;;;84;;;90;;;84;;;;;;
AP22967;1886;;;408;;;70;;;480;;;146;;;292;;;84;;;116;;;290;;;
AP22969;;;;;;;;;;;;;;;;;;;;;;;;;;;;
AP22987;68238;;;11348;;;15331;;;7726;;;10590;;;2891;;;9627;;;6023;;;4702;;;
AP22990;47329;;;4889;;;6309;;;4490;;;6655;;;5164;;;9678;;;6677;;;3467;;;
AP23000;20097;;;2431;;;2365;;;3266;;;2283;;;1690;;;2825;;;2288;;;2949;;;
AP23028;;;;;;;;;;;;;;;;;;;;;;;;;;;;
AP23029;145;;;8;;;7;;;11;;;5;;;10;;;11;;;18;;;75;;;
AP23030;994;;;28;;;36;;;28;;;48;;;352;;;177;;;38;;;287;;;
AP23032;;;;;;;;;;;;;;;;;;;;;;;;;;;;
AP23033;;;;;;;;;;;;;;;;;;;;;;;;;;;;
AP23034;683;;;2;;;;;;6;;;633;;;2;;;1;;;7;;;32;;;
AP23035;;;;;;;;;;;;;;;;;;;;;;;;;;;;
AP23036;;;;;;;;;;;;;;;;;;;;;;;;;;;;
AP23037;;;;;;;;;;;;;;;;;;;;;;;;;;;;
AP23039;781;;;60;;;60;;;;;;1;;;240;;;180;;;120;;;120;;;
AP23048;333;;;16;;;16;;;;;;224;;;7;;;62;;;6;;;2;;;
AP23049;49575;;;8520;;;6120;;;5960;;;7968;;;3507;;;5056;;;5323;;;7121;;;
AP23050;21231;;;3886;;;2497;;;1804;;;2879;;;2510;;;2339;;;2585;;;2731;;;
AP23056;24;;;12;;;;;;;;;;;;12;;;;;;;;;;;;
AP23057;;;;;;;;;;;;;;;;;;;;;;;;;;;;
AP23060;;;;;;;;;;;;;;;;;;;;;;;;;;;;
AP23065;3737;;;167;;;262;;;525;;;377;;;341;;;851;;;879;;;335;;;
AP23067;1702;;;131;;;139;;;621;;;68;;;114;;;180;;;89;;;360;;;
AP23071;9541;;;1690;;;430;;;1660;;;980;;;1100;;;800;;;1440;;;1441;;;
AP23083;4831;;;270;;;622;;;548;;;606;;;754;;;682;;;465;;;884;;;
AP23503;2133;;;55;;;75;;;38;;;316;;;336;;;218;;;406;;;689;;;
AP23091;461;;;21;;;17;;;11;;;38;;;21;;;5;;;337;;;11;;;
AP24432;2;;;;;;2;;;;;;;;;;;;;;;;;;;;;
AP20816;;;;;;;;;;;;;;;;;;;;;;;;;;;;
AP23097;61018;;;7817;;;7479;;;7657;;;7862;;;4330;;;8497;;;9975;;;7401;;;
AP24174;5271;;;254;;;398;;;456;;;235;;;527;;;305;;;583;;;2513;;;
AP23099;;;;;;;;;;;;;;;;;;;;;;;;;;;;
AP23102;3138;;;64;;;118;;;197;;;989;;;213;;;339;;;711;;;507;;;
AP23104;27532;;;38;;;65;;;4295;;;9756;;;2139;;;1780;;;4847;;;4612;;;
AP20237;14;;;3;;;;;;;;;4;;;3;;;;;;3;;;1;;;
AP23126;375;;;2;;;13;;;10;;;182;;;65;;;5;;;3;;;95;;;
AP23132;3040;;;640;;;360;;;330;;;120;;;480;;;420;;;420;;;270;;;
AP23133;4577;;;420;;;540;;;600;;;560;;;390;;;720;;;630;;;717;;;
AP23136;4767;;;720;;;690;;;600;;;390;;;614;;;630;;;730;;;393;;;
AP23137;2620;;;180;;;330;;;390;;;510;;;460;;;240;;;270;;;240;;;
AP23141;1342;;;84;;;168;;;206;;;242;;;38;;;144;;;284;;;176;;;
AP23143;;;;;;;;;;;;;;;;;;;;;;;;;;;;
AP23146;48050;;;6230;;;5057;;;2887;;;5185;;;6393;;;6767;;;6544;;;8987;;;
AP23151;;;;;;;;;;;;;;;;;;;;;;;;;;;;
AP23152;2776;;;68;;;56;;;209;;;548;;;145;;;644;;;736;;;370;;;
AP23155;695;;;12;;;13;;;39;;;93;;;25;;;312;;;101;;;100;;;
AP23154;83156;;;10222;;;9381;;;7364;;;9972;;;11502;;;11732;;;11360;;;11623;;;
AP23159;6334;;;671;;;562;;;839;;;812;;;833;;;670;;;792;;;1155;;;
AP23161;69;;;4;;;4;;;4;;;2;;;8;;;6;;;5;;;36;;;
AP23162;50779;;;5723;;;7100;;;3873;;;7758;;;5492;;;6756;;;6561;;;7516;;;
AP23164;42833;;;3660;;;4360;;;4057;;;7024;;;5947;;;7530;;;3958;;;6297;;;
AP23165;2011;;;90;;;360;;;91;;;510;;;210;;;180;;;300;;;270;;;
AP23167;61424;;;5880;;;6390;;;7692;;;8431;;;6487;;;11798;;;7041;;;7705;;;
AP23168;281321;;;35050;;;35997;;;30808;;;42801;;;28244;;;41792;;;19939;;;46690;;;
AP-Preservativos;97034;;;8622;;;10426;;;12530;;;12014;;;13510;;;13399;;;14238;;;12295;;;
AP23176;;;;;;;;;;;;;;;;;;;;;;;;;;;;
AP23178;9924;;;1020;;;1465;;;1039;;;795;;;1060;;;1607;;;1815;;;1123;;;
AP23183;9025;;;1380;;;1230;;;1350;;;1335;;;990;;;1300;;;990;;;450;;;
AP23184;;;;;;;;;;;;;;;;;;;;;;;;;;;;
AP23187;;;;;;;;;;;;;;;;;;;;;;;;;;;;
AP23188;90;;;;;;;;;;;;90;;;;;;;;;;;;;;;
AP23194;33362;;;5300;;;6710;;;4792;;;4337;;;2186;;;2148;;;1660;;;6229;;;
AP23195;803;;;;;;180;;;180;;;113;;;150;;;180;;;;;;;;;
AP22268;;;;;;;;;;;;;;;;;;;;;;;;;;;;
AP23200;56460;;;7320;;;8505;;;3150;;;7178;;;7935;;;6143;;;7464;;;8765;;;
AP23201;;;;;;;;;;;;;;;;;;;;;;;;;;;;
AP23202;15047;;;1980;;;1350;;;1073;;;1599;;;2223;;;1584;;;2222;;;3016;;;
AP23203;;;;;;;;;;;;;;;;;;;;;;;;;;;;
AP23204;183194;;;22275;;;22420;;;9910;;;22257;;;30260;;;23919;;;23183;;;28970;;;
AP23205;1960;;;90;;;90;;;420;;;190;;;;;;;;;30;;;1140;;;
AP23206;;;;;;;;;;;;;;;;;;;;;;;;;;;;
AP23207;;;;;;;;;;;;;;;;;;;;;;;;;;;;
AP23208;2301;;;750;;;480;;;360;;;258;;;;;;363;;;;;;90;;;
AP23210;;;;;;;;;;;;;;;;;;;;;;;;;;;;
AP23233;4434;;;690;;;1210;;;252;;;390;;;770;;;560;;;332;;;230;;;
AP23698;2366;;;80;;;69;;;242;;;846;;;164;;;181;;;519;;;265;;;
AP23248;508;;;270;;;;;;8;;;60;;;;;;120;;;50;;;;;;
AP23249;;;;;;;;;;;;;;;;;;;;;;;;;;;;
AP23263;26078;;;3077;;;3221;;;2004;;;2875;;;2589;;;4258;;;4281;;;3773;;;
AP23265;1816;;;62;;;46;;;370;;;162;;;219;;;195;;;466;;;296;;;
AP23267;22267;;;3810;;;1535;;;2791;;;3165;;;2595;;;2928;;;2680;;;2763;;;
AP23270;2674;;;320;;;284;;;496;;;210;;;404;;;180;;;630;;;150;;;
AP23278;1079;;;60;;;150;;;212;;;121;;;140;;;90;;;91;;;215;;;
AP23279;16097;;;1992;;;1570;;;2580;;;1992;;;1841;;;1972;;;2097;;;2053;;;
AP23280;2768;;;308;;;168;;;287;;;140;;;312;;;256;;;398;;;899;;;
AP23281;27835;;;2920;;;4160;;;1321;;;3630;;;3842;;;4765;;;3357;;;3840;;;
AP23282;;;;;;;;;;;;;;;;;;;;;;;;;;;;
AP23283;14209;;;1980;;;1620;;;2371;;;1271;;;1533;;;1398;;;2563;;;1473;;;
AP23284;3015;;;1110;;;210;;;270;;;120;;;180;;;465;;;150;;;510;;;
AP23285;84;;;;;;;;;;;;;;;;;;84;;;;;;;;;
AP23286;268;;;;;;;;;;;;;;;30;;;148;;;;;;90;;;
AP23287;;;;;;;;;;;;;;;;;;;;;;;;;;;;
AP23288;8608;;;1590;;;1770;;;561;;;1145;;;1084;;;905;;;690;;;863;;;
AP23297;107671;;;14445;;;14478;;;13704;;;14390;;;8631;;;12233;;;12189;;;17601;;;
AP23299;520959;;;69902;;;70495;;;57591;;;63145;;;60682;;;55489;;;66455;;;77200;;;
AP23301;401389;;;41923;;;48040;;;41989;;;48052;;;45654;;;49891;;;49362;;;76478;;;
AP24051;4484;;;420;;;570;;;30;;;360;;;1320;;;570;;;360;;;854;;;
AP24103;372;;;;;;174;;;;;;84;;;;;;30;;;;;;84;;;
AP23321;92;;;;;;;;;;;;90;;;;;;;;;2;;;;;;
AP23322;13295;;;485;;;555;;;1247;;;607;;;2210;;;1897;;;2499;;;3795;;;
AP23324;26;;;9;;;3;;;2;;;7;;;1;;;;;;;;;4;;;
AP23326;;;;;;;;;;;;;;;;;;;;;;;;;;;;
AP23331;3;;;;;;3;;;;;;;;;;;;;;;;;;;;;
AP23332;;;;;;;;;;;;;;;;;;;;;;;;;;;;
AP24479;364;;;;;;;;;;;;90;;;;;;4;;;60;;;210;;;
AP23329;31;;;11;;;20;;;;;;;;;;;;;;;;;;;;;
AP23330;13435;;;397;;;175;;;269;;;3974;;;1808;;;2601;;;2221;;;1990;;;
AP23348;894;;;28;;;20;;;320;;;364;;;32;;;30;;;30;;;70;;;
AP23367;25402;;;2730;;;2930;;;3743;;;2827;;;3027;;;2852;;;3710;;;3583;;;
AP23369;138451;;;12690;;;19120;;;10709;;;20840;;;15797;;;16670;;;14292;;;28333;;;
AP24265;;;;;;;;;;;;;;;;;;;;;;;;;;;;
AP23370;8334;;;1980;;;810;;;900;;;923;;;;;;720;;;900;;;2101;;;
AP23377;4366;;;580;;;744;;;586;;;672;;;396;;;414;;;438;;;536;;;
AP23378;12988;;;1760;;;1626;;;1597;;;1864;;;1068;;;1425;;;1575;;;2073;;;
AP23382;2883;;;120;;;975;;;;;;50;;;90;;;440;;;424;;;784;;;
AP23385;9721;;;870;;;680;;;1141;;;960;;;1772;;;1438;;;1290;;;1570;;;
AP23389;61416;;;3605;;;6078;;;13583;;;7202;;;13185;;;4630;;;7039;;;6094;;;
AP23396;162072;;;14848;;;30027;;;21101;;;32970;;;18480;;;31271;;;9537;;;3838;;;
AP23406;7088;;;494;;;1052;;;120;;;359;;;1006;;;1352;;;1347;;;1358;;;
AP24197;782;;;;;;;;;15;;;91;;;60;;;520;;;90;;;6;;;
AP24482;1109;;;31;;;21;;;3;;;899;;;14;;;;;;16;;;125;;;
AP23435;57;;;2;;;14;;;;;;34;;;2;;;;;;1;;;4;;;
AP23436;2219;;;50;;;58;;;87;;;177;;;571;;;511;;;84;;;681;;;
AP23438;3075;;;14;;;27;;;154;;;1528;;;145;;;526;;;260;;;421;;;
AP23442;;;;;;;;;;;;;;;;;;;;;;;;;;;;
AP23444;4;;;1;;;;;;;;;;;;;;;3;;;;;;;;;
AP23443;122;;;2;;;120;;;;;;;;;;;;;;;;;;;;;
AP23457;446;;;2;;;5;;;29;;;2;;;7;;;106;;;14;;;281;;;
AP23465;1012;;;90;;;180;;;;;;272;;;90;;;260;;;;;;120;;;
AP23466;18869;;;1634;;;3180;;;1597;;;3153;;;2271;;;2671;;;1731;;;2632;;;
AP23333;3;;;2;;;1;;;;;;;;;;;;;;;;;;;;;
AP23334;;;;;;;;;;;;;;;;;;;;;;;;;;;;
AP24481;;;;;;;;;;;;;;;;;;;;;;;;;;;;
AP23494;29695;;;1550;;;3132;;;3519;;;3299;;;2659;;;5148;;;6456;;;3932;;;
AP23496;2283;;;539;;;536;;;282;;;202;;;6;;;261;;;211;;;246;;;
AP24484;17644;;;;;;;;;1105;;;8473;;;2106;;;1885;;;1454;;;2621;;;
AP23502;4392;;;1050;;;660;;;857;;;684;;;453;;;40;;;343;;;305;;;
AP23462;100;;;1;;;1;;;;;;7;;;60;;;;;;1;;;30;;;
AP23508;204;;;9;;;13;;;5;;;5;;;11;;;15;;;49;;;97;;;
AP23509;3656;;;414;;;122;;;201;;;348;;;333;;;460;;;1178;;;600;;;
AP23510;10;;;;;;;;;;;;10;;;;;;;;;;;;;;;
AP23511;211;;;30;;;;;;;;;;;;;;;;;;181;;;;;;
AP23512;13148;;;863;;;994;;;1064;;;2048;;;1481;;;2242;;;2116;;;2340;;;
AP23515;14861;;;1585;;;1728;;;1612;;;2572;;;1668;;;2332;;;1560;;;1804;;;
AP22070;6914;;;319;;;287;;;366;;;814;;;902;;;1229;;;1162;;;1835;;;
AP23522;2733;;;344;;;180;;;220;;;510;;;235;;;485;;;445;;;314;;;
AP23523;3719;;;202;;;422;;;351;;;1352;;;144;;;425;;;394;;;429;;;
AP23536;3897;;;59;;;85;;;219;;;1556;;;168;;;633;;;277;;;900;;;
AP23537;1795;;;45;;;69;;;352;;;592;;;148;;;27;;;347;;;215;;;
AP23548;5794;;;572;;;601;;;306;;;845;;;468;;;1050;;;815;;;1137;;;
AP23550;29552;;;3368;;;3336;;;2593;;;3522;;;3571;;;4602;;;4202;;;4358;;;
AP23556;172279;;;20733;;;15370;;;41890;;;29699;;;20974;;;16629;;;14132;;;12852;;;
AP23568;4221;;;180;;;618;;;720;;;480;;;783;;;660;;;300;;;480;;;
AP23569;8824;;;1290;;;930;;;600;;;1117;;;1200;;;1586;;;1291;;;810;;;
AP23587;1036;;;;;;180;;;360;;;100;;;238;;;128;;;30;;;;;;
AP23594;;;;;;;;;;;;;;;;;;;;;;;;;;;;
AP23593;;;;;;;;;;;;;;;;;;;;;;;;;;;;
AP23595;;;;;;;;;;;;;;;;;;;;;;;;;;;;
AP23613;;;;;;;;;;;;;;;;;;;;;;;;;;;;
AP23614;8882;;;510;;;1110;;;750;;;1352;;;1050;;;1080;;;1650;;;1380;;;
AP23620;1202;;;47;;;23;;;34;;;180;;;56;;;695;;;32;;;135;;;
AP23621;;;;;;;;;;;;;;;;;;;;;;;;;;;;
AP23622;4;;;2;;;;;;;;;2;;;;;;;;;;;;;;;
AP23623;1;;;1;;;;;;;;;;;;;;;;;;;;;;;;
AP23624;11710;;;904;;;849;;;1381;;;829;;;1004;;;1978;;;2292;;;2473;;;
AP23626;15591;;;1099;;;1635;;;1183;;;1272;;;2723;;;2244;;;2918;;;2517;;;
AP23632;2262;;;360;;;189;;;90;;;302;;;332;;;216;;;336;;;437;;;
AP-Tiras Reactivas;359461;;;37777;;;38928;;;41303;;;54601;;;41727;;;42034;;;35698;;;67393;;;
AP23636;21788;;;1852;;;1721;;;1580;;;3123;;;2885;;;2429;;;2486;;;5712;;;
AP23656;1874;;;292;;;314;;;342;;;513;;;280;;;60;;;60;;;13;;;
AP23657;50;;;;;;;;;;;;;;;;;;;;;30;;;20;;;
AP23659;13623;;;2092;;;2864;;;1319;;;1400;;;2140;;;1948;;;432;;;1428;;;
AP23660;;;;;;;;;;;;;;;;;;;;;;;;;;;;
AP23661;9937;;;790;;;848;;;1332;;;912;;;808;;;1240;;;2272;;;1735;;;
AP23662;15466;;;2056;;;1898;;;1582;;;2224;;;2758;;;1513;;;1998;;;1437;;;
AP23670;972;;;9;;;103;;;3;;;133;;;54;;;100;;;375;;;195;;;
AP23671;2073;;;85;;;100;;;274;;;370;;;142;;;283;;;258;;;561;;;
AP23674;9051;;;479;;;915;;;962;;;1135;;;1060;;;1753;;;1413;;;1334;;;
AP23677;225;;;102;;;92;;;;;;;;;;;;;;;22;;;9;;;
AP23679;;;;;;;;;;;;;;;;;;;;;;;;;;;;
AP23681;31673;;;3543;;;2972;;;2857;;;3574;;;2928;;;5951;;;4421;;;5427;;;
AP23688;33;;;3;;;;;;;;;30;;;;;;;;;;;;;;;
AP23689;60;;;;;;;;;30;;;30;;;;;;;;;;;;;;;
AP23690;;;;;;;;;;;;;;;;;;;;;;;;;;;;
AP23691;119056;;;15080;;;14232;;;14573;;;12480;;;12637;;;13658;;;15189;;;21207;;;
AP23719;145212;;;21507;;;21571;;;18441;;;15952;;;20274;;;12756;;;10061;;;24650;;;
AP23721;510;;;210;;;300;;;;;;;;;;;;;;;;;;;;;
AP23730;42;;;;;;12;;;5;;;4;;;15;;;;;;;;;6;;;
AP23742;;;;;;;;;;;;;;;;;;;;;;;;;;;;
AP23786;1247;;;211;;;252;;;300;;;120;;;60;;;34;;;30;;;240;;;
AP23787;1658;;;225;;;110;;;210;;;93;;;240;;;300;;;180;;;300;;;
AP23809;242345;;;29510;;;31309;;;23473;;;28084;;;35739;;;36428;;;33684;;;24118;;;
AP23811;15791;;;1542;;;1700;;;1620;;;1665;;;1948;;;1891;;;3012;;;2413;;;
AP23813;161682;;;18374;;;18545;;;20204;;;17114;;;13603;;;21886;;;20848;;;31108;;;
AP23817;;;;;;;;;;;;;;;;;;;;;;;;;;;;
AP23822;;;;;;;;;;;;;;;;;;;;;;;;;;;;
AP23832;6285;;;1210;;;420;;;1468;;;932;;;690;;;390;;;545;;;630;;;
AP23834;5308;;;410;;;768;;;927;;;1079;;;311;;;598;;;650;;;565;;;
AP23836;27500;;;3930;;;2444;;;2043;;;3900;;;2771;;;3533;;;4095;;;4784;;;
AP23840;;;;;;;;;;;;;;;;;;;;;;;;;;;;
AP23838;9692;;;600;;;1470;;;1300;;;1250;;;842;;;1260;;;1410;;;1560;;;
AP23845;10288;;;1560;;;2008;;;1390;;;1670;;;1144;;;711;;;669;;;1136;;;
AP23846;5500;;;270;;;1470;;;210;;;1020;;;780;;;700;;;360;;;690;;;
AP23847;169323;;;15394;;;18636;;;21587;;;19503;;;20039;;;24082;;;24892;;;25190;;;
AP23240;54605;;;6864;;;6402;;;8155;;;10404;;;5376;;;6158;;;3473;;;7773;;;
AP23241;;;;;;;;;;;;;;;;;;;;;;;;;;;;
AP23239;150;;;30;;;120;;;;;;;;;;;;;;;;;;;;;
AP23610;3288;;;63;;;61;;;236;;;81;;;1948;;;95;;;471;;;333;;;
AP23611;122230;;;14954;;;17111;;;13767;;;16350;;;14063;;;15537;;;16617;;;13831;;;
AP23074;865;;;;;;;;;107;;;393;;;13;;;144;;;;;;208;;;
AP24438;6001;;;189;;;220;;;1053;;;747;;;507;;;1129;;;1177;;;979;;;
AP20942;526;;;273;;;251;;;2;;;;;;;;;;;;;;;;;;
AP23072;17402;;;3030;;;2385;;;2210;;;2365;;;2304;;;2291;;;1379;;;1438;;;
AP20462;2991;;;87;;;996;;;703;;;77;;;205;;;116;;;427;;;380;;;
AP20465;156196;;;12320;;;14038;;;19335;;;21887;;;20710;;;19292;;;21508;;;27106;;;
AP20461;3;;;;;;;;;;;;2;;;;;;1;;;;;;;;;
AP20468;8162;;;3987;;;4175;;;;;;;;;;;;;;;;;;;;;
AP21141;;;;;;;;;;;;;;;;;;;;;;;;;;;;
AP23648;38684;;;1530;;;6510;;;5784;;;5859;;;3968;;;4860;;;4742;;;5431;;;
AP23651;53730;;;6030;;;8190;;;7303;;;8755;;;6588;;;6399;;;5654;;;4811;;;
AP23652;60;;;60;;;;;;;;;;;;;;;;;;;;;;;;
AP23653;8422;;;390;;;550;;;870;;;2265;;;985;;;1020;;;1120;;;1222;;;
AP23870;2323;;;11;;;17;;;182;;;1573;;;1;;;8;;;439;;;92;;;
AP24487;;;;;;;;;;;;;;;;;;;;;;;;;;;;
AP23863;1;;;;;;;;;;;;;;;;;;;;;;;;1;;;
AP23879;209;;;;;;;;;5;;;180;;;;;;22;;;2;;;;;;
AP23880;5032;;;148;;;154;;;75;;;1729;;;216;;;350;;;897;;;1463;;;
AP24176;45;;;33;;;12;;;;;;;;;;;;;;;;;;;;;
AP23882;;;;;;;;;;;;;;;;;;;;;;;;;;;;
AP23887;272;;;31;;;6;;;;;;14;;;2;;;60;;;36;;;123;;;
AP23884;6350;;;;;;;;;1134;;;871;;;651;;;1062;;;1597;;;1035;;;
AP23886;;;;;;;;;;;;;;;;;;;;;;;;;;;;
AP23885;;;;;;;;;;;;;;;;;;;;;;;;;;;;
AP23883;570;;;245;;;234;;;91;;;;;;;;;;;;;;;;;;
20843759;25205500;0;0;2656477;0;0;2788102;0;0;3667824;0;0;3436185;0;0;2922508;0;0;3159228;0;0;3037641;0;0;3537535;0;0;TOTALES
