FUENTE_LISTA;INDICE_ORIGINAL;DESCRIPCION_MASTER;CODIGO_MASTER;10octubreEvento;TOTAL_GENERAL
PRIMARY;0;Abacavir 2% [100mg/5mL] Solucion oral;;0;0
PRIMARY;1;Abacavir 300mg Tableta;;0;0
PRIMARY;2;Abiraterona 250mg Tableta;;1080;1080
PRIMARY;3;Abiraterona 500mg Tableta;;1920;1920
PRIMARY;4;Acetaminofen + Codeina 325mg + 15mg Tableta;;1050;1050
PRIMARY;5;Acetaminofen + Codeina 325mg + 30mg Tableta;;2438;2438
PRIMARY;6;Acetaminofen + Tizanidina 350mg + 2mg Tableta;;2499;2499
PRIMARY;7;Acetaminofen + Tramadol 325mg + 37,5mg Tableta;;4705;4705
PRIMARY;8;Acetaminofen 100mg/mL Solucion oral;;6;6
PRIMARY;9;Acetaminofen 3% [150mg/5mL] Jarabe;;303;303
PRIMARY;10;Acetaminofen 5% [250mg/5mL] Suspension oral;;0;0
PRIMARY;11;Acetaminofen 500mg Tableta;;144835;144835
PRIMARY;12;Acetazolamida 250mg Tableta;;265;265
PRIMARY;13;Acetilcisteina 200mg Polvo para reconstituir a solucion oral;;620;620
PRIMARY;14;Acetilcisteina 600mg Polvo para reconstituir a solucion oral;;4474;4474
PRIMARY;15;Acetilsalicilico acido 100mg Tableta;;41241;41241
PRIMARY;16;Aciclovir 200mg Tableta;;1184;1184
PRIMARY;17;Aciclovir 5% [500mg/10g] Unguento topico;;14;14
PRIMARY;18;Aciclovir 800mg Tableta;;281;281
PRIMARY;19;Agua destilada esteril 10mL Solucion inyectable;;10;10
PRIMARY;20;Aguja para lapicero insulina;;73713;73713
PRIMARY;21;Albendazol 2% [100mg/5mL] Suspension oral;;50;50
PRIMARY;22;Albendazol 200mg Tableta;;796;796
PRIMARY;23;Alendronico acido 70mg Tableta;;1612;1612
PRIMARY;24;Alfametildopa 250mg Tableta;;420;420
PRIMARY;25;Alginato de sodio + Bicarbonato de sodio + Calcio carbonato 5% + 2,13% + 3,25% [250mg + 106,5mg + 162,5mg/5mL] Suspension oral;;31;31
PRIMARY;26;Alimento en polvo a base de multivitaminas y minerales (Vitamix) sobre x 1g;;1920;1920
PRIMARY;27;Alimento listo para uso (Pumply Nut) Sobre x 92g;;0;0
PRIMARY;28;Alizaprida 12mg/mL Solucion oral;;10;10
PRIMARY;29;Alizaprida 50mg Tableta;;0;0
PRIMARY;30;Alopurinol 100mg Tableta;;0;0
PRIMARY;31;Alopurinol 300mg Tableta;;2025;2025
PRIMARY;32;Alprazolam 0,25mg Tableta;;0;0
PRIMARY;33;Alprazolam 0,5mg Tableta;;300;300
PRIMARY;34;Alprazolam 1mg Tableta;;364;364
PRIMARY;35;Aluminio acetato 0,118% [5,9mg/5mL] Locion topica;;65;65
PRIMARY;36;Aluminio hidroxido + Magnesio hidroxido + Simeticona 4% + 4% + 0,4% [200mg + 200mg + 20mg/5mL] Suspension oral;;267;267
PRIMARY;37;Aluminio hidroxido 6% [300mg/5mL] Suspension oral;;57;57
PRIMARY;38;Aluminio sulfato + Calcio acetato 0,052% + 0,036% Polvo topico;;0;0
PRIMARY;39;Alverina citrato + Simeticona 60mg + 300mg Capsula blanda;;180;180
PRIMARY;40;Amantadina clorhidrato 100mg Capsula dura;;6810;6810
PRIMARY;41;Amikacina [500mg/2mL] Solucion inyectable;;26;26
PRIMARY;42;Amiodarona clorhidrato 200mg Tableta;;2417;2417
PRIMARY;43;Amisulprida 200mg Tableta;;0;0
PRIMARY;44;Amitriptilina clorhidrato 25mg Tableta;;6324;6324
PRIMARY;45;Amlodipino + Hidroclorotiazida + Valsartan 10mg + 12,5mg + 160mg Tableta;;8557;8557
PRIMARY;46;Amlodipino + Hidroclorotiazida + Valsartan 10mg + 25mg + 320mg Tableta;;3975;3975
PRIMARY;47;Amlodipino + Irbesartan 10mg + 300mg Tableta;;84;84
PRIMARY;48;Amlodipino + Irbesartan 5mg + 150mg Tableta;;270;270
PRIMARY;49;Amlodipino + Losartan 5mg + 100mg Capsula dura;;0;0
PRIMARY;50;Amlodipino + Losartan 5mg + 50mg Tableta;;0;0
PRIMARY;51;Amlodipino + Olmesartan 5mg + 40mg Tableta;;0;0
PRIMARY;52;Amlodipino + Telmisartan 10mg + 80mg Tableta;;0;0
PRIMARY;53;Amlodipino + Telmisartan 5mg + 80mg Tableta;;0;0
PRIMARY;54;Amlodipino + Valsartan 10mg + 160mg Tableta;;0;0
PRIMARY;55;Amlodipino + Valsartan 10mg + 320mg Tableta;;174;174
PRIMARY;56;Amlodipino + Valsartan 5mg + 160mg Capsula blanda;;0;0
PRIMARY;57;Amlodipino + Valsartan 5mg + 160mg Tableta;;1350;1350
PRIMARY;58;Amlodipino + Valsartan 5mg + 320mg Tableta;;0;0
PRIMARY;59;Amlodipino + Valsartan 5mg + 80mg Tableta;;60;60
PRIMARY;60;Amlodipino 10mg Tableta;;27148;27148
PRIMARY;61;Amlodipino 5mg Tableta;;48064;48064
PRIMARY;62;Amoxicilina + Clavulanico acido 500mg + 125mg Tableta;;86;86
PRIMARY;63;Amoxicilina + Clavulanico acido 875mg + 125mg Tableta;;587;587
PRIMARY;64;Amoxicilina 5% [250mg/5mL] Polvo para reconstituir a solucion oral;;79;79
PRIMARY;65;Amoxicilina 500mg Capsula dura;;12163;12163
PRIMARY;66;Ampicilina 500mg Capsula dura;;930;930
PRIMARY;67;Apalutamida 60mg Tableta;;480;480
PRIMARY;68;Apixaban 2,5mg Tableta;;11814;11814
PRIMARY;69;Apixaban 5mg Tableta;;23110;23110
PRIMARY;70;Aripiprazol 15mg Tableta;;3660;3660
PRIMARY;71;Ascorbico acido + Cianocobalamina (vitamina B12) + Folico acido + Fumarato ferroso 100mg + 1mg + 2mg + 330mg Capsula dura;;1170;1170
PRIMARY;72;Ascorbico acido + Folico acido + Hierro (fumarato ferroso) 100mg + 1mg + 330mg Capsula dura;;0;0
PRIMARY;73;Ascorbico acido 100mg/mL Solucion oral;;61;61
PRIMARY;74;Ascorbico acido 500mg Tableta masticable;;31639;31639
PRIMARY;75;Atorvastatina + Ezetimiba 20mg + 10mg Tableta;;0;0
PRIMARY;76;Atorvastatina + Ezetimiba 40mg + 10mg Tableta;;0;0
PRIMARY;77;Atorvastatina 10mg Tableta;;1440;1440
PRIMARY;78;Atorvastatina 20mg Tableta;;74117;74117
PRIMARY;79;Atorvastatina 40mg Tableta;;85033;85033
PRIMARY;80;Atorvastatina 80mg Tableta;;190;190
PRIMARY;81;Atropina sulfato 10mg/mL Solucion oftalmica;;7;7
PRIMARY;82;Azacitidina 100mg Polvo esteril para reconstituir Vial;;21;21
PRIMARY;83;Azacitidina 300mg Tableta;;0;0
PRIMARY;84;Azitromicina 4% [200mg/5mL] Polvo para reconstituir a solucion oral;;40;40
PRIMARY;85;Azitromicina 500mg Tableta;;213;213
PRIMARY;86;Bacillus clausii 2000 millones/5mL Suspension oral;;10;10
PRIMARY;87;Baclofeno 10mg Tableta;;1825;1825
PRIMARY;88;Barrera de colostomia No. 45mm;;103;103
PRIMARY;89;Barrera de colostomia No. 57mm;;168;168
PRIMARY;90;Barrera de colostomia No. 70mm;;281;281
PRIMARY;91;Beclometasona dipropionato + Formoterol fumarato 100mcg + 6mcg/dosis Solucion en aerosol;;3;3
PRIMARY;92;Beclometasona dipropionato 250mcg/dosis Solucion en aerosol;;94;94
PRIMARY;93;Beclometasona dipropionato 50mcg/dosis Solucion en aerosol;;197;197
PRIMARY;94;Bencilo benzoato 30% [1.5g/5mL] Locion topica;;5;5
PRIMARY;95;Betahistina 16mg Tableta;;5133;5133
PRIMARY;96;Betahistina 24mg Tableta;;3496;3496
PRIMARY;97;Betahistina 8mg Tableta;;1863;1863
PRIMARY;98;Betametasona acetato + Betametasona sodio fosfato [3mg + 3mg/mL] Solucion inyectable;;0;0
PRIMARY;99;Betametasona sodio fosfato [4mg/mL] Solucion inyectable;;0;0
PRIMARY;100;Betametasona sodio fosfato [8mg/2mL] Solucion inyectable;;9;9
PRIMARY;101;Betametasona valerato + Clotrimazol + Neomicina 0,04% + 1% + 0,5% [4mg + 100mg + 50mg/10g] Crema topica;;35;35
PRIMARY;102;Betametasona valerato 0,05% [5mg/10g] Crema topica;;317;317
PRIMARY;103;Betametasona valerato 0,1% [10mg/10g] Crema topica;;110;110
PRIMARY;104;Betametildigoxina 0,1mg Tableta;;30;30
PRIMARY;105;Bevacizumab 25mg/mL [100mg/4mL] Solucion inyectable Vial x 4mL;;317;317
PRIMARY;106;Bicalutamida 150mg Tableta;;60;60
PRIMARY;107;Bicalutamida 50mg Tableta;;120;120
PRIMARY;108;Bilastina 20mg Tableta;;180;180
PRIMARY;109;Bimatoprost + Timolol maleato 0,3mg + 5mg/mL Solucion oftalmica Frasco gotero x 3mL;;0;0
PRIMARY;110;Bimatoprost 0,3mg/mL Solucion oftalmica Frasco gotero x 3mL;;10;10
PRIMARY;111;Biperideno 2mg Tableta;;4577;4577
PRIMARY;112;Bisacodilo 5mg Tableta;;6273;6273
PRIMARY;113;Bismuto subsalicilato 262mg Tableta masticable;;3836;3836
PRIMARY;114;Bisoprolol 2,5mg Tableta;;1600;1600
PRIMARY;115;Bisoprolol 5mg Tableta;;3810;3810
PRIMARY;116;Bleomicina 15UI Polvo esteril para reconstituir;;91;91
PRIMARY;117;Bolsa de colostomia No. 45mm;;93;93
PRIMARY;118;Bolsa de colostomia No. 57mm;;132;132
PRIMARY;119;Bolsa de colostomia No. 70mm;;316;316
PRIMARY;120;Bolsa recolectora de orina 2000mL;;20;20
PRIMARY;121;Bortezomib 3,5mg Polvo esteril para reconstituir Vial;;20;20
PRIMARY;122;Bosentan 125mg Tableta;;150;150
PRIMARY;123;Bosentan 62.5mg Tableta;;60;60
PRIMARY;124;Brimonidina tartrato + Brinzolamida 2mg + 10mg/mL Solucion oftalmica Frasco gotero x 2,5mL;;0;0
PRIMARY;125;Brimonidina tartrato + Dorzolamina + Timolol 2mg + 20mg + 5mg/mL Solucion oftalmica Frasco gotero x 5mL;;173;173
PRIMARY;126;Brimonidina tartrato + Timolol 2mg + 5mg/mL Solucion oftalmica Frasco gotero x 10mL;;11;11
PRIMARY;127;Brimonidina tartrato + Timolol 2mg + 5mg/mL Solucion oftalmica Frasco gotero x 2,5mL;;69;69
PRIMARY;128;Brimonidina tartrato 2mg/mL Solucion oftalmica Frasco gotero x 5mL;;0;0
PRIMARY;129;Brivaracetam 100mg Tableta;;214;214
PRIMARY;130;Brivaracetam 50mg Tableta;;0;0
PRIMARY;131;Bromfenaco 0,9mg/mL Solucion oftalmica Frasco gotero x 5mL;;33;33
PRIMARY;132;Budesonida + Formoterol 160mcg + 4.5mcg/dosis Aerosol Inhalador x 120 dosis;;46;46
PRIMARY;133;Budesonida + Formoterol 160mcg + 4.5mcg/dosis Polvo para inhalacion Inhalador x 120 dosis;;0;0
PRIMARY;134;Budesonida + Formoterol 200mcg + 6mcg Capsula dura para inhalacion;;15;15
PRIMARY;135;Budesonida + Formoterol 320mcg + 9mcg/dosis Aerosol Inhalador x 200 dosis;;0;0
PRIMARY;136;Budesonida 0.5mg/mL [1mg/2mL] Solucion para inhalacion;;0;0
PRIMARY;137;Bupropion 150mg Tableta de liberacion prolongada;;2460;2460
PRIMARY;138;Cabergolina 0,5mg Tableta;;514;514
PRIMARY;139;Cafeina + Ergotamina tartrato 100mg + 1mg Tableta;;6325;6325
PRIMARY;140;Calcifediol (Vitamina D3) 100,000UI Capsula blanda;;14;14
PRIMARY;141;Calcio carbonato + Vitamina D3 + Zinc [300mg + 100UI + 7,5mg/5mL] Suspension oral;;0;0
PRIMARY;142;Calcio carbonato + Vitamina D3 500mg + 200UI Polvo efervescente;;0;0
PRIMARY;143;Calcio carbonato + Vitamina D3 500mg + 330UI Tableta;;12581;12581
PRIMARY;144;Calcio carbonato + vitamina D3 600mg + 200UI Tableta;;270;270
PRIMARY;145;Calcio carbonato + Vitamina D3 600mg + 400UI Tableta;;0;0
PRIMARY;146;Calcio carbonato 1500mg (600mg calcio) Tableta;;56125;56125
PRIMARY;147;Calcio carbonato 600mg Tableta masticable;;0;0
PRIMARY;148;Calcio citrato + Fumarato ferroso + Folico acido + Vitamina D3 200mg + 18mg + 0.4mg + 400UI Tableta;;0;0
PRIMARY;149;Calcio citrato + Vitamina D3 1500mg (calcio 315mg) + 200UI Tableta;;22740;22740
PRIMARY;150;Calcio citrato + Vitamina D3 1500mg (calcio 315mg) + 800UI Tableta;;30;30
PRIMARY;151;Calcitriol 0,25mcg Capsula blanda;;12329;12329
PRIMARY;152;Calcitriol 0,5mcg Capsula blanda;;5447;5447
PRIMARY;153;Capecitabina 500mg Tableta;;2878;2878
PRIMARY;154;Captopril 25mg Tableta;;750;750
PRIMARY;155;Captopril 50mg Tableta;;1410;1410
PRIMARY;156;Carbamazepina 2% [100mg/5mL] Suspension oral Frasco x 100mL;;0;0
PRIMARY;157;Carbamazepina 2% [100mg/5mL] Suspension oral Frasco x 120mL;;98;98
PRIMARY;158;Carbamazepina 200mg Tableta;;25659;25659
PRIMARY;159;Carbamazepina 200mg Tableta de liberacion prolongada;;0;0
PRIMARY;160;Carbamazepina 400mg Tableta de liberacion prolongada;;740;740
PRIMARY;161;Carbidopa + Entacapona + Levodopa 12,5mg + 200mg + 50mg Tableta;;0;0
PRIMARY;162;Carbidopa + Entacapona + Levodopa 25mg + 200mg + 100mg Tableta;;900;900
PRIMARY;163;Carbidopa + Entacapona + Levodopa 40,5mg + 200mg + 150mg Tableta;;0;0
PRIMARY;164;Carbidopa + Entacapona + Levodopa 50mg + 200mg + 200mg Tableta;;270;270
PRIMARY;165;Carbidopa + Levodopa 25mg + 100mg Tableta;;4403;4403
PRIMARY;166;Carbidopa + Levodopa 25mg + 250mg Tableta;;10250;10250
PRIMARY;167;Carboplatino 10mg/mL [450mg/45mL] Solucion inyectable;;86;86
PRIMARY;168;Carboximetilcelulosa sodica (viscocidad media 7M8SFPH) + Carboximetilcelulosa sodica (viscocidad alta 7H3SXF) + Glicerina 3,25mg + 1,75mg + 9mg/mL Solucion oftalmica;;0;0
PRIMARY;169;Carboximetilcelulosa sodica + Glicerina + Hialuronato de sodio 5mg + 9mg + 1mg/mL Solucion oftalmica;;48;48
PRIMARY;170;Carboximetilcelulosa sodica + Glicerina 5mg + 9mg/mL Solucion oftalmica;;86;86
PRIMARY;171;Carboximetilcelulosa sodica 10mg/mL Solucion oftalmica;;0;0
PRIMARY;172;Carboximetilcelulosa sodica 5mg/mL Solucion oftalmica;;333;333
PRIMARY;173;Carvedilol 12,5mg Tableta;;15378;15378
PRIMARY;174;Carvedilol 25mg Tableta;;1680;1680
PRIMARY;175;Carvedilol 6,25mg Tableta;;39845;39845
PRIMARY;176;Cefalexina 5% [250mg/5mL] Polvo para reconstituir a solucion oral;;166;166
PRIMARY;177;Cefalexina 500mg Capsula dura;;11658;11658
PRIMARY;178;Ceftriaxona 1g Polvo esteril para reconstituir;;39;39
PRIMARY;179;Cefuroxima 500mg Tableta;;0;0
PRIMARY;180;Celecoxib 100mg Capsula dura;;30;30
PRIMARY;181;Celecoxib 200mg Capsula dura;;65;65
PRIMARY;182;Cetirizina 0,1% [5mg/5mL] Jarabe;;37;37
PRIMARY;183;Cetirizina 1% [10mg/mL] Solucion oral;;6;6
PRIMARY;184;Cetirizina 10mg Tableta;;3108;3108
PRIMARY;185;Cianocobalamina (vitamina B12) 1mg/mL Solucion inyectable;;513;513
PRIMARY;186;Ciclobenzaprina + Lisina clonixinato 5mg + 125mg Capsula blanda;;160;160
PRIMARY;187;Ciclobenzaprina 10mg Tableta;;2044;2044
PRIMARY;188;Ciclobenzaprina 15mg Tableta;;727;727
PRIMARY;189;Ciclofosfamida 1g Polvo esteril para reconstituir;;34;34
PRIMARY;190;Ciclofosfamida 500mg Polvo esteril para reconstituir;;31;31
PRIMARY;191;Ciclofosfamida 50mg Tableta;;0;0
PRIMARY;192;Cilostazol 100mg Tableta;;768;768
PRIMARY;193;Cilostazol 50mg Tableta;;540;540
PRIMARY;194;Cinacalcet 30mg Tableta;;1166;1166
PRIMARY;195;Ciprofibrato 100mg Tableta;;1430;1430
PRIMARY;196;Ciprofloxacina + Dexametasona 3mg + 1mg/mL Solucion oftalmica;;4;4
PRIMARY;197;Ciprofloxacina + Dexametasona 3mg + 1mg/mL Solucion otica;;0;0
PRIMARY;198;Ciprofloxacina 500mg Tableta;;3650;3650
PRIMARY;199;Cisplatino 1mg/mL [50mg/50mL] Solucion inyectable;;190;190
PRIMARY;200;Citalopram 20mg Tableta;;0;0
PRIMARY;201;Citarabina [500mg/5mL] Solucion inyectable Vial x 5mL;;22;22
PRIMARY;202;Citicolina 500mg Tableta;;1080;1080
PRIMARY;203;Citrato de sodio + Dextrosa + Potasio cloruro + Sodio cloruro 2,9% + 13,5% + 1,5% + 2,6% Polvo para reconstituir a solucion oral;;0;0
PRIMARY;204;Claritromicina 5% [250mg/5mL] Polvo para reconstituir a solucion oral;;0;0
PRIMARY;205;Claritromicina 500mg Tableta;;3638;3638
PRIMARY;206;Clindamicina 300mg Capsula dura;;2312;2312
PRIMARY;207;Clobazam 10mg Tableta;;720;720
PRIMARY;208;Clobazam 20mg Tableta;;360;360
PRIMARY;209;Clobetasol 0.05% [2,5mg/5mL] Locion topica;;30;30
PRIMARY;210;Clobetasol 0.05% [5mg/10g] Crema topica;;144;144
PRIMARY;211;Clonazepam 0.25% [2.5mg/mL] Solucion oral;;36;36
PRIMARY;212;Clonazepam 0.5mg Tableta;;1140;1140
PRIMARY;213;Clonazepam 2mg Tableta;;1530;1530
PRIMARY;214;Clonidina clorhidrato 150mcg (0,150mg) Tableta;;6842;6842
PRIMARY;215;Clopidogrel 75mg Tableta;;4780;4780
PRIMARY;216;Clorfeniramina maleato 0,04% [2mg/5mL] Jarabe;;8;8
PRIMARY;217;Clorfeniramina maleato 4mg Tableta;;628;628
PRIMARY;218;Cloroquina fosfato 150mg Tableta;;585;585
PRIMARY;219;Clortalidona + Valsartan 25mg + 160mg Tableta;;0;0
PRIMARY;220;Clortalidona 12.5mg Tableta;;270;270
PRIMARY;221;Clortalidona 25mg Tableta;;90;90
PRIMARY;222;Clotrimazol 1% [100mg/10g] Crema topica;;159;159
PRIMARY;223;Clotrimazol 1% [100mg/10g] Crema vaginal;;55;55
PRIMARY;224;Clotrimazol 1% [100mg/10g] Solucion topica;;34;34
PRIMARY;225;Clotrimazol 100mg Ovulo;;346;346
PRIMARY;226;Clotrimazol 100mg Tableta vaginal;;0;0
PRIMARY;227;Clozapina 100mg Tableta;;3120;3120
PRIMARY;228;Clozapina 25mg Tableta;;1080;1080
PRIMARY;229;Colchicina 0.5mg Tableta;;20455;20455
PRIMARY;230;Colestiramina 44.44g Granulos;;0;0
PRIMARY;231;Colistina sulfato + Hidrocortisona acetato + Neomicina sulfato 1,538mg + 0,5mg + 5mg/mL Solucion otica;;12;12
PRIMARY;232;Complejo B - Nicotinamida + Piridoxina + Riboflavina + Tiamina [20mg + 10mg + 1,5mg + 5mg/5mL] Jarabe;;570;570
PRIMARY;233;Complejo B [Vitamina B1 (tiamina) + Vitamina B6 (piridoxina) + Vitamina B12 (hidroxicobalamina)] [100mg + 50mg + 10mcg/2mL] Solucion inyectable;;3;3
PRIMARY;234;Condroitina sulfato + Glucosamina sulfato + Metilsulfonilmetano 1,2g + 1,5g + 2,4g Polvo para reconstituir a solucion oral Sobre x 9g;;0;0
PRIMARY;235;Condroitina sulfato + Hialuronato de sodio 1.8mg + 1mg/mL Solucion oftalmica Frasco gotero x 10mL;;23;23
PRIMARY;236;Cromoglicato de sodio 2% [20mg/mL] Solucion intranasal;;0;0
PRIMARY;237;Cromoglicato de sodio 2% [20mg/mL] Solucion oftalmica;;52;52
PRIMARY;238;Cromoglicato de sodio 4% [40mg/mL] Solucion oftalmica;;6;6
PRIMARY;239;Crotamiton 10% [500mg/5mL] Locion topica;;2;2
PRIMARY;240;Dabigatran 150mg Capsula dura;;0;0
PRIMARY;241;Dabigatran etexilato 110mg Capsula dura;;0;0
PRIMARY;242;Dacarbazina 200mg Polvo esteril para reconstituir;;30;30
PRIMARY;243;Danazol 200mg Capsula dura;;90;90
PRIMARY;244;Dapagliflozina + Metformina 10mg + 1000mg Tableta de liberacion prolongada;;6705;6705
PRIMARY;245;Dapagliflozina + Metformina 5mg + 1000mg Tableta de liberacion prolongada;;15477;15477
PRIMARY;246;Dapagliflozina 10mg Tableta;;42777;42777
PRIMARY;247;Dasatinib 100mg Tableta;;300;300
PRIMARY;248;Deflazacort 30mg Tableta;;60;60
PRIMARY;249;Deflazacort 6mg Tableta;;3530;3530
PRIMARY;250;Desloratadina + Montelukast 5mg + 10mg Tableta;;2475;2475
PRIMARY;251;Desloratadina 0,05% [2,5mg/5mL] Jarabe;;98;98
PRIMARY;252;Desloratadina 5mg Tableta;;2944;2944
PRIMARY;253;Desmopresina 120mcg Tableta sublingual;;720;720
PRIMARY;254;Desonida 0,05% [2,5mg/5mL] Locion topica;;14;14
PRIMARY;255;Desonida 0,05% [5mg/10g] Crema topica;;34;34
PRIMARY;256;Desvenlafaxina 50mg Tableta de liberacion prolongada;;243;243
PRIMARY;257;Dexametasona + Neomicina + Polimixina B 1mg + 3,5mg + 6000UI/mL Solucion oftalmica;;60;60
PRIMARY;258;Dexametasona + Tobramicina 0,1% + 0,3% [10mg + 30mg/10g] Unguento oftalmico;;12;12
PRIMARY;259;Dexametasona + Tobramicina 1mg + 3mg/mL Solucion oftalmica;;17;17
PRIMARY;260;Dexametasona 4mg Tableta;;60;60
PRIMARY;261;Dexametasona fosfato [4mg/mL] Solucion inyectable;;40;40
PRIMARY;262;Dexametasona fosfato [8mg/2mL] Solucion inyectable;;1635;1635
PRIMARY;263;Dexametasona fosfato + Lidocaina 0,1% + 2% [10mg + 200mg/10g] Crema proctologica;;0;0
PRIMARY;264;Dexametasona fosfato 0,75mg Tableta;;0;0
PRIMARY;265;Dextrosa en agua destilada 5% [1000mL] Solucion inyectable;;0;0
PRIMARY;266;Dextrosa en agua destilada 5% [250mL] Solucion inyectable;;0;0
PRIMARY;267;Dextrosa en agua destilada 50% [500mL] Solucion inyectable;;87;87
PRIMARY;268;Diacereina 50mg Capsula dura;;19350;19350
PRIMARY;269;Diclofenaco [75mg/3mL] Solucion inyectable;;1422;1422
PRIMARY;270;Diclofenaco + Tramadol 25mg + 25mg Tableta;;7037;7037
PRIMARY;271;Diclofenaco + Tramadol 50mg + 50mg Tableta;;1080;1080
PRIMARY;272;Diclofenaco 1% [100mg/10g] Gel topico;;547;547
PRIMARY;273;Diclofenaco 50mg Tableta;;4336;4336
PRIMARY;274;Diclofenaco 50mg Tableta de liberacion retardada;;0;0
PRIMARY;275;Dicloxacilina 5% [250mg/5mL] Polvo para reconstituir a solucion oral;;0;0
PRIMARY;276;Dicloxacilina 500mg Capsula dura;;1341;1341
PRIMARY;277;Dienogest 2mg Tableta;;2106;2106
PRIMARY;278;Difenhidramina 50mg Capsula dura;;3812;3812
PRIMARY;279;Difenhidramina clorhidrato 0,25% [12,5mg/5mL] Jarabe;;148;148
PRIMARY;280;Dihidrocodeina bitartrato 0,24% [12,1mg/5mL] Jarabe;;23;23
PRIMARY;281;Diltiazem 60mg Tableta;;150;150
PRIMARY;282;Dimenhidrinato 50mg Tableta;;3259;3259
PRIMARY;283;Diosmina + Hesperidina [900mg + 100mg/10mL] Solucion oral;;30;30
PRIMARY;284;Diosmina + Hesperidina 450mg + 50mg Tableta;;26578;26578
PRIMARY;285;Diosmina + Hesperidina 900mg + 100mg Tableta;;420;420
PRIMARY;286;Dipirona sodica + Hioscina n-butil bromuro 2,5g + 20mg/5mL Solucion inyectable;;0;0
PRIMARY;287;Dipirona sodica 1g/2mL Solucion inyectable;;31;31
PRIMARY;288;Divalproato de sodio (valproico acido) 250mg Tableta de liberacion prolongada;;6930;6930
PRIMARY;289;Divalproato de sodio (valproico acido) 250mg Tableta de liberacion retardada;;0;0
PRIMARY;290;Divalproato de sodio (valproico acido) 500mg Tableta de liberacion prolongada;;6640;6640
PRIMARY;291;Divalproato de sodio (valproico acido) 500mg Tableta de liberacion retardada;;0;0
PRIMARY;292;Docetaxel [80mg/4mL] Solucion inyectable concentrada Vial x 4mL;;56;56
PRIMARY;293;Domperidona 0.1% [5mg/5mL] Suspension oral;;18;18
PRIMARY;294;Domperidona 10mg Tableta;;430;430
PRIMARY;295;Donepecilo 5mg Tableta;;120;120
PRIMARY;296;Dornasa alfa [2,5mg/2,5mL] Solucion para inhalacion Ampula x 2,5mL;;150;150
PRIMARY;297;Dorzolamida + Timolol maleato 20mg + 5mg/mL Solucion oftalmica Frasco gotero x 5mL;;42;42
PRIMARY;298;Doxazosina 4mg Tableta;;540;540
PRIMARY;299;Doxiciclina 100mg Tableta;;4453;4453
PRIMARY;300;Doxilamina succinato + Piridoxina 10mg + 10mg Tableta de liberacion retardada;;0;0
PRIMARY;301;Doxorubicina 2mg/mL [50mg/25mL] Solucion inyectable Vial x 25mL;;83;83
PRIMARY;302;Drospirenona 4mg Tableta;;0;0
PRIMARY;303;Duloxetina 30mg Capsula de liberacion retardada;;1330;1330
PRIMARY;304;Duloxetina 30mg Tableta de liberacion retardada;;0;0
PRIMARY;305;Duloxetina 60mg Capsula de liberacion retardada;;870;870
PRIMARY;306;Dutasteride + Tamsulosina 0.5mg + 0.4mg Capsula dura;;22047;22047
PRIMARY;307;Eltrombopag 25mg Tableta;;1290;1290
PRIMARY;308;Eltrombopag 50mg Tableta;;560;560
PRIMARY;309;Empagliflozina + Linagliptina 10mg + 5mg Tableta;;120;120
PRIMARY;310;Empagliflozina + Linagliptina 25mg + 5mg Tableta;;120;120
PRIMARY;311;Empagliflozina + Metformina 12,5mg + 1000mg Tableta;;3750;3750
PRIMARY;312;Empagliflozina + Metformina 12,5mg + 850mg Tableta;;850;850
PRIMARY;313;Empagliflozina 10mg Tableta;;2970;2970
PRIMARY;314;Empagliflozina 25mg Tableta;;3720;3720
PRIMARY;315;Emtricitabina + Tenofovir alafenamida 200mg + 25mg Tableta;;60;60
PRIMARY;316;Emtricitabina + Tenofovir disoproxil fumarato 200mg + 300mg Tableta;;0;0
PRIMARY;317;Enalapril maleato 20mg Tableta;;42518;42518
PRIMARY;318;Enalapril maleato 5mg Tableta;;10190;10190
PRIMARY;319;Enoxaparina sodica 2000UI [20mg/0,2mL] Solucion inyectable Jeringa prellenada x 0,2mL;;26;26
PRIMARY;320;Enoxaparina sodica 4000UI [40mg/0,4mL] Solucion inyectable Jeringa prellenada x 0,4mL;;3170;3170
PRIMARY;321;Enoxaparina sodica 6000UI [60mg/0,6mL] Solucion inyectable Jeringa prellenada x 0,6mL;;919;919
PRIMARY;322;Enoxaparina sodica 8000UI [80mg/0,8mL] Solucion inyectable Jeringa prellenada x 0,8mL;;300;300
PRIMARY;323;Enzalutamida 40mg Capsula blanda;;360;360
PRIMARY;324;Epinastina 0,5mg/mL Solucion oftalmica;;8;8
PRIMARY;325;Eplerenona 25mg Tableta;;0;0
PRIMARY;326;Eritromicina 5% [250mg/5mL] Suspension oral;;8;8
PRIMARY;327;Eritromicina 500mg Tableta;;174;174
PRIMARY;328;Eritropoyetina alfa humana recombinante 2,000UI Solucion inyectable Ampolla x 1mL;;297;297
PRIMARY;329;Eritropoyetina humana recombinante 4,000UI Solucion inyectable Ampolla x 1mL;;0;0
PRIMARY;330;Escitalopram 10mg Tableta;;14256;14256
PRIMARY;331;Escitalopram 20mg Tableta;;5000;5000
PRIMARY;332;Esomeprazol 10mg Capsula dura;;765;765
PRIMARY;333;Esomeprazol 10mg Polvo para reconstituir a solucion oral;;0;0
PRIMARY;334;Esomeprazol 20mg Tableta;;53358;53358
PRIMARY;335;Esomeprazol 20mg Tableta de liberacion retardada;;0;0
PRIMARY;336;Esomeprazol 40mg Tableta de liberacion retardada;;21015;21015
PRIMARY;337;Espiramicina 3,000,000UI Tableta;;390;390
PRIMARY;338;Espironolactona 100mg Tableta;;3194;3194
PRIMARY;339;Espironolactona 25mg Tableta;;37285;37285
PRIMARY;340;Estradiol valerato (tableta 1) + Estradiol valerato (tableta 2) + Dienogest (tableta 2) + Estradiol valerato (tableta 3) + Estradiol valerato (tableta 4) + Dienogest (tableta 4) 1mg + 2mg + 2mg + 3mg + 2mg + 3mg Tableta;;0;0
PRIMARY;341;Estrogenos conjugados 0.625mg Tableta;;3458;3458
PRIMARY;342;Estrogenos conjugados 0.625mg/g Crema vaginal Tubo x 43g;;118;118
PRIMARY;343;Eszopiclona 2mg Tableta;;90;90
PRIMARY;344;Eszopiclona 3mg Tableta;;405;405
PRIMARY;345;Etinilestradiol + Levonorgestrel 0,03mg + 0,15mg Tableta;;8022;8022
PRIMARY;346;Etonogestrel 68mg Implante trasdermico;;14;14
PRIMARY;347;Etoposido [100mg/5mL] Solucion inyectable;;148;148
PRIMARY;348;Etoricoxib 120mg Tableta;;409;409
PRIMARY;349;Etoricoxib 30mg Tableta;;60;60
PRIMARY;350;Etoricoxib 60mg Tableta;;10297;10297
PRIMARY;351;Etoricoxib 90mg Tableta;;15559;15559
PRIMARY;352;Everolimus 0,5mg Tableta;;0;0
PRIMARY;353;Everolimus 0,75mg Tableta;;0;0
PRIMARY;354;Ezetimibe + Rosuvastatina 10mg + 20mg Tableta;;0;0
PRIMARY;355;Ezetimibe + Rosuvastatina 10mg + 40mg Tableta;;0;0
PRIMARY;356;Febuxostat 80mg Capsula blanda;;155;155
PRIMARY;357;Febuxostat 80mg Tableta;;0;0
PRIMARY;358;Fenazopiridina 200mg Tableta;;252;252
PRIMARY;359;Fenilalanina + Histidina + Isoleucina + Leucina + Lisina acetato + Metionina + Tirosina + Treonina + Triptofano + Valina 68mg + 38mg + 67mg + 101mg + 105mg + 59mg + 30mg + 53mg + 23mg + 86mg Tableta;;0;0
PRIMARY;360;Fenilefrina + Prednisolona acetato 1,2mg + 10mg/mL Solucion oftalmica;;14;14
PRIMARY;361;Fenitoina [125mg/5mL] Suspension oral;;0;0
PRIMARY;362;Fenitoina sodica 100mg Capsula dura;;5000;5000
PRIMARY;363;Fenobarbital 0.4% [20mg/5mL] Solucion oral;;54;54
PRIMARY;364;Fenobarbital 100mg Tableta;;2160;2160
PRIMARY;365;Fenobarbital 50mg Tableta;;30;30
PRIMARY;366;Fenofibrato 200mg Capsula dura;;840;840
PRIMARY;367;Fenofibrato de colina 135mg Capsula de liberacion retardada;;240;240
PRIMARY;368;Fenofibrico acido + Rosuvastatina 135mg + 10mg Capsula dura;;1050;1050
PRIMARY;369;Fenofibrico acido + Rosuvastatina 135mg + 20mg Capsula dura;;1770;1770
PRIMARY;370;Fenoterol bromhidrato + Ipratropio bromuro 50mcg + 20mcg/puff Aerosol Inhalador x 200 dosis;;386;386
PRIMARY;371;Fexofenadina 0,6% [30mg/5mL] Suspension oral;;298;298
PRIMARY;372;Fexofenadina 120mg Tableta;;6802;6802
PRIMARY;373;Flavoxato 200mg Tableta;;0;0
PRIMARY;374;Fluconazol 1% [50mg/5mL] Polvo para reconstituir a solucion oral;;2;2
PRIMARY;375;Fluconazol 150mg Capsula dura;;60;60
PRIMARY;376;Fluconazol 200mg Capsula dura;;645;645
PRIMARY;377;Fludrocortisona 0,1mg Tableta;;370;370
PRIMARY;378;Flunarizina 10mg Tableta;;3572;3572
PRIMARY;379;Flunarizina 5mg Capsula dura;;0;0
PRIMARY;380;Flunarizina 5mg Tableta;;75;75
PRIMARY;381;Fluorometolona acetato 1mg/mL Solucion oftalmica;;36;36
PRIMARY;382;Fluorouracilo [500mg/10mL] Solucion inyectable;;602;602
PRIMARY;383;Fluoxetina 0,4% [20mg/5mL] Jarabe;;246;246
PRIMARY;384;Fluoxetina 20mg Tableta;;20079;20079
PRIMARY;385;Fluticasona + Salmeterol 125mcg + 25mcg/puff Aerosol Inhalador x 120 dosis;;15;15
PRIMARY;386;Fluticasona + Salmeterol 250mcg + 25mcg/puff Aerosol Inhalador x 120 dosis;;147;147
PRIMARY;387;Fluticasona + Salmeterol 250mcg + 50mcg/puff Aerosol Inhalador x 60 dosis;;23;23
PRIMARY;388;Fluticasona + Salmeterol 500mcg + 50mcg/puff Polvo para inhalacion Inhalador x 60 dosis;;14;14
PRIMARY;389;Fluticasona + Vilanterol 200mcg + 25mcg/puff Polvo para inhalacion Inhalador x 30 dosis;;20;20
PRIMARY;390;Fluticasona 27,5mcg/puff Solucion intranasal Inhalador x 120 dosis;;35;35
PRIMARY;391;Fluticasona 50mcg/puff Aerosol Inhalador x 120 dosis;;0;0
PRIMARY;392;Fluvoxamina maleato 100mg Tableta;;6030;6030
PRIMARY;393;Folico acido 1mg Tableta;;16525;16525
PRIMARY;394;Folico acido 5mg Tableta;;1737;1737
PRIMARY;395;Folinato de calcio [50mg/5mL] Solucion inyectable;;752;752
PRIMARY;396;Formula terapeutica (F-75) x 400g;;0;0
PRIMARY;397;Fosaprepitant 150mg Polvo esteril para reconstituir Vial;;247;247
PRIMARY;398;Fosfato de sodio dibasico + Fosfato de sodio monobasico 6g + 16g/133mL Solucion rectal;;0;0
PRIMARY;399;Fosfomicina 3g Polvo para reconstituir a solucion oral Sobre x 8g;;212;212
PRIMARY;400;Furosemida 20mg/2mL Solucion inyectable;;252;252
PRIMARY;401;Furosemida 40mg Tableta;;28363;28363
PRIMARY;402;Fusidico acido 2% [200mg/10g] Crema topica;;90;90
PRIMARY;403;Gabapentina 300mg Capsula dura;;2590;2590
PRIMARY;404;Gabapentina 400mg Capsula dura;;120;120
PRIMARY;405;Gabapentina 600mg Tableta;;0;0
PRIMARY;406;Gemcitabina 1g Polvo esteril para reconstituir Vial;;60;60
PRIMARY;407;Gemfibrozilo 600mg Tableta;;5925;5925
PRIMARY;408;Gentamicina sulfato [160mg/2mL] Solucion inyectable;;163;163
PRIMARY;409;Gentamicina sulfato [3mg/mL] Solucion oftalmica;;22;22
PRIMARY;410;Gentamicina sulfato [80mg/2mL] Solucion inyectable;;15;15
PRIMARY;411;Glibenclamida 5mg Tableta;;440;440
PRIMARY;412;Glicopirronio + Indacaterol 50mcg + 110mcg Capsula dura para inhalacion;;495;495
PRIMARY;413;Glimepirida 2mg Tableta;;3660;3660
PRIMARY;414;Glimepirida 4mg Tableta;;1220;1220
PRIMARY;415;Glucometro digital;;136;136
PRIMARY;416;Goserelina acetato 10,8mg Solucion inyectable Implante;;18;18
PRIMARY;417;Guante de examen de nitrilo L Caja x 100 Unidades;;1;1
PRIMARY;418;Guante de examen de nitrilo M Caja x 100 Unidades;;0;0
PRIMARY;419;Guante de examen de nitrilo S Caja x 100 Unidades;;0;0
PRIMARY;420;Guante esteril No. 7 con talco - Par;;0;0
PRIMARY;421;Guante esteril No. 7,5 con talco - Par;;58;58
PRIMARY;422;Guante esteril No. 8 con talco - Par;;35;35
PRIMARY;423;Guayacolato de glicerilo 2% [100mg/5mL] Jarabe;;0;0
PRIMARY;424;Haloperidol [5mg/mL] Solucion inyectable;;0;0
PRIMARY;425;Haloperidol 10mg Tableta;;90;90
PRIMARY;426;Haloperidol 2mg/mL Solucion oral;;70;70
PRIMARY;427;Haloperidol 5mg Tableta;;902;902
PRIMARY;428;Hialuronato de sodio + Condroitin sulfato 1,6% + 2% [800mg + 1g/50mL] Jeringa prellenada x 50mL;;0;0
PRIMARY;429;Hialuronato de sodio 2mg/mL Solucion oftalmica;;0;0
PRIMARY;430;Hialuronato de sodio 4mg/mL Solucion oftalmica;;155;155
PRIMARY;431;Hidroclorotiazida + Irbesartan 12,5mg + 150mg Tableta;;578;578
PRIMARY;432;Hidroclorotiazida + Irbesartan 12,5mg + 300mg Tableta;;0;0
PRIMARY;433;Hidroclorotiazida + Losartan potasico 12,5mg + 100mg Tableta;;150;150
PRIMARY;434;Hidroclorotiazida + Losartan potasico 12,5mg + 50mg Tableta;;2730;2730
PRIMARY;435;Hidroclorotiazida + Losartan potasico 25mg + 100mg Tableta;;150;150
PRIMARY;436;Hidroclorotiazida + Valsartan 12,5mg + 160mg Tableta;;3182;3182
PRIMARY;437;Hidroclorotiazida + Valsartan 12,5mg + 80mg Tableta;;120;120
PRIMARY;438;Hidroclorotiazida + Valsartan 25mg + 160mg Tableta;;174;174
PRIMARY;439;Hidroclorotiazida 25mg Tableta;;63940;63940
PRIMARY;440;Hidrocortisona 1% [100mg/10mL] Locion topica;;0;0
PRIMARY;441;Hidrocortisona 10mg Tableta;;0;0
PRIMARY;442;Hidrocortisona 5mg Tableta;;0;0
PRIMARY;443;Hidrocortisona acetato + Lidocaina 0.25% + 5% [25mg + 500mg] Unguento rectal;;42;42
PRIMARY;444;Hidrocortisona acetato + Lidocaina 5mg + 60mg Supositorio;;28;28
PRIMARY;445;Hidrocortisona acetato 0,5% [50mg/10g] Locion topica;;2;2
PRIMARY;446;Hidrocortisona acetato 1% [100mg/10g] Crema topica;;203;203
PRIMARY;447;Hidrocortisona succinato 100mg Polvo esteril para reconstituir;;205;205
PRIMARY;448;Hidromorfona clorhidrato [2mg/mL] Solucion inyectable;;0;0
PRIMARY;449;Hidromorfona clorhidrato 2.5mg Tableta;;180;180
PRIMARY;450;Hidromorfona clorhidrato 5mg Tableta;;0;0
PRIMARY;451;Hidrosmina 200mg Capsula dura;;0;0
PRIMARY;452;Hidroxicina 0.25% [12.5mg/5mL] Jarabe;;6;6
PRIMARY;453;Hidroxicina 25mg Tableta;;2840;2840
PRIMARY;454;Hidroxicloroquina sulfato 200mg Tableta;;1781;1781
PRIMARY;455;Hidroxicloroquina sulfato 400mg Tableta;;0;0
PRIMARY;456;Hidroxiurea (hidroxicarbamida) 500mg Capsula dura;;3470;3470
PRIMARY;457;Hierro polimaltosado 1% [50mg/5mL] Jarabe;;0;0
PRIMARY;458;Hierro sacarato [100mg/5mL] Solucion inyectable;;36;36
PRIMARY;459;Hioscina n-butil bromuro [20mg/mL] Solucion inyectable;;29;29
PRIMARY;460;Hioscina n-butil bromuro 10mg Tableta;;16629;16629
PRIMARY;461;Ibandronico acido 150mg Tableta;;23;23
PRIMARY;462;Ibandronico acido 1mg/mL [6mg/6mL] Solucion inyectable Ampolla x 6mL;;7;7
PRIMARY;463;Ibuprofeno 2% [100mg/5mL] Suspension oral;;49;49
PRIMARY;464;Ibuprofeno 200mg Capsula blanda;;0;0
PRIMARY;465;Ibuprofeno 400mg Tableta;;9353;9353
PRIMARY;466;Ibuprofeno 600mg Tableta;;63;63
PRIMARY;467;Ibuprofeno 800mg Tableta;;675;675
PRIMARY;468;Ifosfamida 1g Polvo esteril para reconstituir;;41;41
PRIMARY;469;Imatinib 100mg Tableta;;450;450
PRIMARY;470;Imatinib 400mg Tableta;;240;240
PRIMARY;471;Imipramina clorhidrato 10mg Tableta;;1345;1345
PRIMARY;472;Imipramina clorhidrato 25mg Tableta;;7125;7125
PRIMARY;473;Indacaterol 150mcg Capsula dura para inhalacion;;0;0
PRIMARY;474;Indapamida + Perindopril 1,25mg + 5mg Tableta;;0;0
PRIMARY;475;Indapamida 1,5mg Tableta de liberacion prolongada;;0;0
PRIMARY;476;Indapamida 2,5mg Tableta;;0;0
PRIMARY;477;Inmunoglobulina humana anti D (RH) 300mcg Solucion inyectable Jeringa prellenada x 2mL;;5;5
PRIMARY;478;Inmunoglobulina humana normal 160mg/mL [800mg/5mL] Solucion inyectable Vial x 5mL;;0;0
PRIMARY;479;Inmunoglobulina humana normal 5% [5g/100mL] Solucion inyectable Vial x 100mL;;0;0
PRIMARY;480;Insulina asparta 100UI/mL [1000UI/10mL] Solucion inyectable Vial x 10mL;;0;0
PRIMARY;481;Insulina asparta 100UI/mL [300UI/3mL] Solucion inyectable Lapicero x 3mL;;222;222
PRIMARY;482;Insulina degludec + Liraglutida 100UI + 3,6mg/mL [300UI + 10,8mg/3mL] Solucion inyectable Lapicero x 3mL;;70;70
PRIMARY;483;Insulina degludec 100UI/mL [300UI/3mL] Solucion inyectable Lapicero x 3mL;;64;64
PRIMARY;484;Insulina detemir 100UI/mL [300UI/3mL] Solucion inyectable Lapicero x 3mL;;9;9
PRIMARY;485;Insulina glargina + lixisenatida 100UI + 33mcg/mL [300UI + 99mcg/3mL] Solucion inyectable Lapicero x 3mL;;428;428
PRIMARY;486;Insulina glargina + lixisenatida 100UI + 50mcg/mL [300UI + 150mcg/3mL] Solucion inyectable Lapicero x 3mL;;304;304
PRIMARY;487;Insulina glargina 100UI/mL [1000UI/10mL] Solucion inyectable Vial x 10mL;;0;0
PRIMARY;488;Insulina glargina 100UI/mL [300UI/3mL] Solucion inyectable Lapicero x 3mL;;1891;1891
PRIMARY;489;Insulina glargina 300UI/mL [450UI/1,5mL] Solucion inyectable Lapicero x 1,5mL;;958;958
PRIMARY;490;Insulina glulisina 100UI/mL [1000UI/10mL] Solucion inyectable Vial x 10mL;;99;99
PRIMARY;491;Insulina glulisina 100UI/mL [300UI/3mL] Solucion inyectable Lapicero x 3mL;;561;561
PRIMARY;492;Insulina humana 100UI/mL [1000UI/10mL] Solucion inyectable;;0;0
PRIMARY;493;Insulina lispro 100UI/mL [1000UI/10mL] Solucion inyectable Vial x 10mL;;20;20
PRIMARY;494;Insulina lispro 100UI/mL [300UI/3mL] Solucion inyectable Lapicero x 3mL;;0;0
PRIMARY;495;Insulina NPH (isofana) 100UI/mL [1000UI/10mL] Solucion inyectable;;0;0
PRIMARY;496;Ipratropio bromuro 4mg/200 dosis [20mcg/dosis] Solucion en aerosol Inhalador x 200 dosis;;0;0
PRIMARY;497;Irbesartan 150mg Tableta;;2220;2220
PRIMARY;498;Irbesartan 300mg Tableta;;60;60
PRIMARY;499;Irinotecan [100mg/5mL] Solucion inyectable Ampolla x 5mL;;88;88
PRIMARY;500;Isoniazida + Rifampicina 150mg + 300mg Tableta;;0;0
PRIMARY;501;Isoniazida 100mg Tableta;;0;0
PRIMARY;502;Isoniazida 300mg Tableta;;0;0
PRIMARY;503;Isosorbide dinitrato 10mg Tableta;;0;0
PRIMARY;504;Isosorbide dinitrato 5mg Tableta sublingual;;0;0
PRIMARY;505;Isotretinoina 10mg Capsula blanda;;430;430
PRIMARY;506;Isotretinoina 20mg Capsula blanda;;225;225
PRIMARY;507;Itraconazol 100mg Capsula dura;;240;240
PRIMARY;508;Ivabradina 5mg Tableta;;0;0
PRIMARY;509;Ivermectina 0,6% [6mg/mL] Solucion oral;;81;81
PRIMARY;510;Jeringa esteril de 10mL - Unidad;;350;350
PRIMARY;511;Jeringa esteril de 1mL - Unidad;;352;352
PRIMARY;512;Jeringa esteril de 20mL - Unidad;;275;275
PRIMARY;513;Jeringa esteril de 3mL - Unidad;;10;10
PRIMARY;514;Jeringa esteril de 50mL - Unidad;;0;0
PRIMARY;515;Jeringa esteril de 5mL - Unidad;;0;0
PRIMARY;516;Jeringa punta cateter esteril de 60mL - Unidad;;4;4
PRIMARY;517;Ketoconazol 200mg Tableta;;77;77
PRIMARY;518;Ketotifeno 0,02% [1mg/5mL] Jarabe;;59;59
PRIMARY;519;Ketotifeno 0,5mg/mL Solucion oftalmica;;0;0
PRIMARY;520;Ketotifeno 1mg Tableta;;0;0
PRIMARY;521;Lacosamida 1% [50mg/5mL] Solucion oral;;0;0
PRIMARY;522;Lacosamida 100mg Tableta;;4185;4185
PRIMARY;523;Lacosamida 200mg Tableta;;1860;1860
PRIMARY;524;Lacosamida 50mg Tableta;;1705;1705
PRIMARY;525;Lactulosa 66,7% [667mg/mL] Jarabe;;4820;4820
PRIMARY;526;Lamotrigina 100mg Tableta orodispersable;;7520;7520
PRIMARY;527;Lamotrigina 200mg Tableta orodispersable;;60;60
PRIMARY;528;Lamotrigina 25mg Tableta orodispersable;;0;0
PRIMARY;529;Lamotrigina 50mg Tableta orodispersable;;2650;2650
PRIMARY;530;Lanceta de glucometria - Unidad;;48345;48345
PRIMARY;531;Lansoprazol 30mg Capsula de liberacion retardada;;4212;4212
PRIMARY;532;Latanoprost 50mcg/mL Solucion oftalmica Frasco gotero x 2,5mL;;97;97
PRIMARY;533;Latanoprost 50mcg/mL Solucion oftalmica Frasco gotero x 3mL;;18;18
PRIMARY;534;Leuprorelina (leuprolida) 22.5mg Polvo esteril para reconstituir Vial;;1;1
PRIMARY;535;Leuprorelina (leuprolida) 45mg Polvo esteril para reconstituir Vial;;1;1
PRIMARY;536;Levetiracetam 10% [500mg/5mL] Solucion oral Frasco x 250mL;;0;0
PRIMARY;537;Levetiracetam 10% [500mg/5mL] Solucion oral Frasco x 300mL;;93;93
PRIMARY;538;Levetiracetam 1g Tableta;;22730;22730
PRIMARY;539;Levetiracetam 30% [1500mg/5mL] Solucion oral Frasco x 300mL;;0;0
PRIMARY;540;Levetiracetam 500mg Tableta;;30543;30543
PRIMARY;541;Levocetirizina + Montelukast 5mg + 10mg Tableta;;420;420
PRIMARY;542;Levocetirizina 5mg Tableta;;337;337
PRIMARY;543;Levofloxacina 500mg Tableta;;589;589
PRIMARY;544;Levofloxacina 750mg Tableta;;50;50
PRIMARY;545;Levomepromazina 100mg Tableta;;315;315
PRIMARY;546;Levomepromazina 25mg Tableta;;2575;2575
PRIMARY;547;Levomepromazina 40mg/mL Solucion oral;;183;183
PRIMARY;548;Levonorgestrel 0.75mg Tableta;;0;0
PRIMARY;549;Levonorgestrel 52mg Dispositivo intrauterino;;17;17
PRIMARY;550;Levonorgestrel 75mg Solucion inyectable Implante;;14;14
PRIMARY;551;Levosulpiride + Pancreatina + Simeticona 25mg + 150mg + 80mg Tableta;;4083;4083
PRIMARY;552;Levosulpiride 25mg Tableta;;0;0
PRIMARY;553;Levotiroxina sodica 100mcg Tableta;;25889;25889
PRIMARY;554;Levotiroxina sodica 112mcg Tableta;;450;450
PRIMARY;555;Levotiroxina sodica 125mcg Tableta;;6922;6922
PRIMARY;556;Levotiroxina sodica 137mcg Tableta;;0;0
PRIMARY;557;Levotiroxina sodica 150mcg Tableta;;3415;3415
PRIMARY;558;Levotiroxina sodica 175mcg Tableta;;180;180
PRIMARY;559;Levotiroxina sodica 200mcg Tableta;;90;90
PRIMARY;560;Levotiroxina sodica 25mcg Tableta;;26074;26074
PRIMARY;561;Levotiroxina sodica 50mcg Tableta;;21235;21235
PRIMARY;562;Levotiroxina sodica 62mcg Tableta;;330;330
PRIMARY;563;Levotiroxina sodica 75mcg Tableta;;20706;20706
PRIMARY;564;Levotiroxina sodica 88mcg Tableta;;3070;3070
PRIMARY;565;Lidocaina 2% [200mg/10g] Jalea uretral;;0;0
PRIMARY;566;Lidocaina 2% [20mg/mL] Jalea topica;;306;306
PRIMARY;567;Lidocaina 5% [700mg/10cm] Parche trasdermico;;125;125
PRIMARY;568;Linagliptina + Metformina 2,5mg + 1000mg Tableta;;0;0
PRIMARY;569;Linagliptina + Metformina 2,5mg + 850mg Tableta;;120;120
PRIMARY;570;Linagliptina 5mg Tableta;;3180;3180
PRIMARY;571;Linezolid 600mg Tableta;;172;172
PRIMARY;572;Liraglutida 6mg/mL [18mg/3mL] Solucion inyectable Lapicero x 3mL;;49;49
PRIMARY;573;Litio carbonato 300mg Tableta;;8369;8369
PRIMARY;574;Loperamida clorhidrato 2mg Tableta;;1711;1711
PRIMARY;575;Loratadina 0.1% [5mg/5mL] Jarabe;;49;49
PRIMARY;576;Loratadina 10mg Tableta;;4276;4276
PRIMARY;577;Lorazepam 1 mg Tableta;;123;123
PRIMARY;578;Lorazepam 2 mg Tableta;;720;720
PRIMARY;579;Losartan potasico 100mg Tableta;;24412;24412
PRIMARY;580;Losartan potasico 50mg Tableta;;222927;222927
PRIMARY;581;Loteprednol 2mg/mL Solucion oftalmica;;0;0
PRIMARY;582;Loteprednol 5mg/mL Solucion oftalmica;;15;15
PRIMARY;583;Lovastatina 20mg Tableta;;30;30
PRIMARY;584;Lubiprostone 24mcg Capsula blanda;;450;450
PRIMARY;585;Mebendazol 100mg Tableta;;0;0
PRIMARY;586;Mebendazol 2% [100mg/5mL] Solucion oral;;0;0
PRIMARY;587;Mebevirina 200mg Capsula de liberacion prolongada;;0;0
PRIMARY;588;Medroxiprogesterona acetato [150mg/1mL] Solucion inyectable Ampolla x 1mL;;48;48
PRIMARY;589;Medroxiprogesterona acetato + Estradiol cipionato [25mg + 5mg/0,5mL] Solucion inyectable Ampolla x 0,5mL;;115;115
PRIMARY;590;Medroxiprogesterona acetato 10mg Tableta;;0;0
PRIMARY;591;Medroxiprogesterona acetato 50mg/mL [150mg/3mL] Solucion inyectable Vial x 3mL;;0;0
PRIMARY;592;Medroxiprogesterona acetato 5mg Tableta;;615;615
PRIMARY;593;Melatonina 2mg Tableta de liberacion prolongada;;1380;1380
PRIMARY;594;Melatonina 3mg Tableta;;0;0
PRIMARY;595;Meloxicam [15mg/1,5mL] Solucion inyectable;;26;26
PRIMARY;596;Meloxicam 15mg Tableta;;2846;2846
PRIMARY;597;Meloxicam 7,5mg Tableta;;10652;10652
PRIMARY;598;Memantina 10mg Tableta;;5660;5660
PRIMARY;599;Memantina 20mg Tableta;;2570;2570
PRIMARY;600;Mercaptopurina 50mg Tableta;;370;370
PRIMARY;601;Mesalazina 1.5g Polvo de liberacion prolongada para reconstituir a solucion oral Sobre x 2,79g;;0;0
PRIMARY;602;Mesalazina 500mg Supositorio;;0;0
PRIMARY;603;Mesalazina 500mg Tableta de liberacion retardada;;1645;1645
PRIMARY;604;Mesna [400mg/4mL] Solucion inyectable;;65;65
PRIMARY;605;Metadona 10mg/mL Solucion oral;;0;0
PRIMARY;606;Metadona clorhidrato 10mg Tableta;;0;0
PRIMARY;607;Metadona clorhidrato 40mg Tableta;;0;0
PRIMARY;608;Metformina + Sitagliptina 1000mg + 100mg Tableta de liberacion prolongada Frasco;;0;0
PRIMARY;609;Metformina + Sitagliptina 1000mg + 50mg Tableta;;336;336
PRIMARY;610;Metformina + Sitagliptina 1000mg + 50mg Tableta de liberacion prolongada;;0;0
PRIMARY;611;Metformina + Sitagliptina 850mg + 50mg Tableta;;0;0
PRIMARY;612;Metformina + Vildagliptina 1000mg + 50mg Tableta;;4444;4444
PRIMARY;613;Metformina + Vildagliptina 500mg + 50mg Tableta;;370;370
PRIMARY;614;Metformina + Vildagliptina 850mg + 50mg Tableta;;17177;17177
PRIMARY;615;Metformina clorhidrato 1000mg Tableta;;2200;2200
PRIMARY;616;Metformina clorhidrato 500mg Tableta;;1069;1069
PRIMARY;617;Metformina clorhidrato 750mg Tableta de liberacion prolongada;;0;0
PRIMARY;618;Metformina clorhidrato 850mg Tableta;;27036;27036
PRIMARY;619;Metilfenidato 10mg Tableta;;750;750
PRIMARY;620;Metilprednisolona 16mg Tableta;;25;25
PRIMARY;621;Metilprednisolona 4mg Tableta;;50;50
PRIMARY;622;Metilprednisolona 500mg Polvo esteril para reconstituir Vial;;0;0
PRIMARY;623;Metilprednisolona acetato 40mg/mL [200mg/5mL] Solucion inyectable Vial x 5mL;;0;0
PRIMARY;624;Metimazol 5mg Tableta;;5498;5498
PRIMARY;625;Metocarbamol 750mg Tableta;;11778;11778
PRIMARY;626;Metoclopramida [10mg/2mL] Solucion inyectable;;24;24
PRIMARY;627;Metoclopramida 10mg Tableta;;2098;2098
PRIMARY;628;Metoclopramida 4mg/mL Solucion oral;;1;1
PRIMARY;629;Metoprolol succinato 50mg Tableta de liberacion prolongada;;0;0
PRIMARY;630;Metoprolol tartrato 100mg Tableta;;420;420
PRIMARY;631;Metoprolol tartrato 50mg Tableta;;10797;10797
PRIMARY;632;Metotrexato [25mg/0,5mL] Solucion inyectable Jeringa prellenada x 0,5mL;;0;0
PRIMARY;633;Metotrexato 2,5mg Tableta;;1627;1627
PRIMARY;634;Metotrexato 25mg/mL [10mg/0,4mL] Solucion inyectable Jeringa prellenada x 0,4mL;;0;0
PRIMARY;635;Metotrexato 25mg/mL [500mg/20mL] Solucion inyectable Vial x 20mL;;36;36
PRIMARY;636;Metotrexato 500mg Polvo esteril para reconstituir Vial;;0;0
PRIMARY;637;Metronidazol + Nistatina 500mg + 100,000UI Ovulo;;14;14
PRIMARY;638;Metronidazol 5% [250mg/5mL] Suspension oral;;25;25
PRIMARY;639;Metronidazol 500mg Ovulo;;720;720
PRIMARY;640;Metronidazol 500mg Tableta;;5448;5448
PRIMARY;641;Mifepristona 200mg Tableta;;0;0
PRIMARY;642;Minoxidil 10mg Tableta;;240;240
PRIMARY;643;Mirabegron 50mg Tableta de liberacion prolongada;;2130;2130
PRIMARY;644;Mirtazapina 30mg Tableta;;1365;1365
PRIMARY;645;Misoprostol 200mcg Tableta;;0;0
PRIMARY;646;Misoprostol 200mcg Tableta vaginal;;0;0
PRIMARY;647;Mometasona furoato 0,1% [10mg/10g] Crema topica;;36;36
PRIMARY;648;Mometasona furoato 0.05% Solucion intranasal Frasco x 140 dosis;;197;197
PRIMARY;649;Montelukast 10mg Tableta;;1185;1185
PRIMARY;650;Montelukast 4mg Polvo para reconstituir a solucion oral;;0;0
PRIMARY;651;Montelukast 4mg Tableta masticable;;1020;1020
PRIMARY;652;Montelukast 5mg Tableta masticable;;2530;2530
PRIMARY;653;Morfina [10mg/mL] Solucion inyectable;;603;603
PRIMARY;654;Morfina 3% [150mg/5mL] Solucion oral;;22;22
PRIMARY;655;Mosaprida 5mg Tableta;;2420;2420
PRIMARY;656;Moxifloxacino 400mg Tableta;;90;90
PRIMARY;657;Moxifloxacino 5mg/mL Solucion oftalmica Frasco gotero x 5mL;;13;13
PRIMARY;658;Naproxeno 2,5% [125mg/5mL] Suspension oral;;52;52
PRIMARY;659;Naproxeno 250mg Tableta;;17890;17890
PRIMARY;660;Naproxeno 500mg Tableta;;881;881
PRIMARY;661;Naratriptan 2.5mg Tableta;;14;14
PRIMARY;662;Nebivolol 5mg Tableta;;0;0
PRIMARY;663;Nepafenaco 1mg/mL Solucion oftalmica Frasco x 3mL;;2;2
PRIMARY;664;Nicotinamida + Piridoxina + Riboflavina + Tiamina [50mg + 50mg + 5mg + 25mg/10mL] Solucion inyectable;;0;0
PRIMARY;665;Nicotinamida + Piridoxina + Riboflavina + Tiamina 20mg + 20mg + 3mg + 10mg Tableta;;0;0
PRIMARY;666;Nifedipina 30mg Capsula de liberacion prolongada;;35660;35660
PRIMARY;667;Nistatina [100,000UI/10g] Crema topica;;13;13
PRIMARY;668;Nistatina + Zinc oxido 2% (10,000,000) + 20% [200mg (1,000,000) + 2g/10g] Crema topica;;193;193
PRIMARY;669;Nistatina 10.000.000UI [500.000UI/5mL] Solucion oral;;40;40
PRIMARY;670;Nitazoxanida 2% [100mg/5mL] Polvo para reconstituir a solucion oral;;19;19
PRIMARY;671;Nitazoxanida 500mg Tableta;;420;420
PRIMARY;672;Nitrofurantoina 100mg Tableta;;1848;1848
PRIMARY;673;Nitrofurazona 0,2% [20mg/10g] Unguento topico;;24;24
PRIMARY;674;Norfloxacina 400mg Tableta;;329;329
PRIMARY;675;Olanzapina 10mg Tableta;;6485;6485
PRIMARY;676;Olanzapina 5mg Tableta;;6072;6072
PRIMARY;677;Olmesartan medoxomil 20mg Tableta;;40;40
PRIMARY;678;Olmesartan medoxomil 40mg Tableta;;0;0
PRIMARY;679;Olodaterol + Tiotropio 2,5mcg + 2,5mcg Aerosol Inhalador x 30 dosis;;66;66
PRIMARY;680;Olopatadina 2mg/mL Solucion oftalmica;;73;73
PRIMARY;681;Omeprazol 20mg Capsula dura;;28874;28874
PRIMARY;682;Omeprazol 40mg Capsula dura;;556;556
PRIMARY;683;Ondansetron [8mg/4mL] Solucion inyectable;;1079;1079
PRIMARY;684;Ondansetron 8mg Tableta;;2025;2025
PRIMARY;685;Otilonio bromuro 40mg Tableta;;30;30
PRIMARY;686;Oxaliplatino 100mg Polvo esteril para reconstituir Vial;;230;230
PRIMARY;687;Oxcarbazepina 300mg Tableta;;1388;1388
PRIMARY;688;Oxcarbazepina 6% [300mg/5mL] Suspension oral Frasco x 100mL;;0;0
PRIMARY;689;Oxcarbazepina 600mg Tableta;;1920;1920
PRIMARY;690;Oxibutinino 10mg Tableta de liberacion prolongada;;470;470
PRIMARY;691;Oxibutinino 5mg Tableta;;925;925
PRIMARY;692;Oximetazolina 0,25mg/mL Solucion intranasal;;21;21
PRIMARY;693;Oximetazolina 0,5mg/mL Solucion para nebulizacion;;32;32
PRIMARY;694;Paclitaxel 6mg/mL [100mg/16.7mL] Solucion inyectable Vial x 16,7mL;;163;163
PRIMARY;695;Paliperidona 3mg Tableta de liberacion prolongada;;0;0
PRIMARY;696;Paliperidona 6mg Tableta de liberacion prolongada;;0;0
PRIMARY;697;Palonosetron [0.25mg/5mL] Solucion inyectable Ampolla x 5mL;;0;0
PRIMARY;698;Pancreatina (amilasa + lipasa + proteasa) 150mg Capsula de liberacion retardada;;220;220
PRIMARY;699;Pancreatina (amilasa + lipasa + proteasa) 300mg Capsula de liberacion retardada;;0;0
PRIMARY;700;Pancreatina + Simeticona 170mg + 80mg Tableta;;180;180
PRIMARY;701;Panitumumab 20mg/mL [100mg/5mL] Solucion inyectable Ampolla x 5mL;;7;7
PRIMARY;702;Pantoprazol 20mg Tableta;;240;240
PRIMARY;703;Pantoprazol 20mg Tableta de liberacion retardada;;0;0
PRIMARY;704;Pantoprazol 40mg Tableta de liberacion retardada;;2162;2162
PRIMARY;705;Paroxetina 12.5mg Tableta de liberacion prolongada;;0;0
PRIMARY;706;Paroxetina 20mg Tableta;;2160;2160
PRIMARY;707;Pasta stomahesive Tubo x 56.7g;;96;96
PRIMARY;708;Pegaspargasa 750UI/mL Solucion inyectable Vial x 5mL;;0;0
PRIMARY;709;Pegfilgrastim [6mg/0.6mL] Solucion inyectable Jeringa prellenada x 0,6mL;;264;264
PRIMARY;710;Pembrolizumab [100mg/4mL] Solucion inyectable Vial x 4mL;;120;120
PRIMARY;711;Pemetrexed 500mg Polvo esteril para reconstituir Vial;;0;0
PRIMARY;712;Penicilina G benzatinica 1.200.000UI Polvo esteril para reconstituir;;8;8
PRIMARY;713;Penicilina G benzatinica 2.400.000UI Polvo esteril para reconstituir;;30;30
PRIMARY;714;Pentoxifilina 400mg Tableta de liberacion prolongada;;180;180
PRIMARY;715;Pertuzumab [600mg/20mL] Solucion inyectable Vial x 20mL;;0;0
PRIMARY;716;Picosulfato de sodio 7,5mg/mL Solucion oral;;25;25
PRIMARY;717;Pilocarpina 5mg Tableta;;4390;4390
PRIMARY;718;Pinaverio + Simeticona 100mg + 300mg Capsula blanda;;0;0
PRIMARY;719;Pinaverio 100mg Tableta;;1390;1390
PRIMARY;720;Pinza para bolsa para colostomia - Unidad;;13;13
PRIMARY;721;Pirantel pamoato 250mg Tableta;;68;68
PRIMARY;722;Pirantel pamoato 5% [250mg/5mL] Suspension oral;;21;21
PRIMARY;723;Piridostigmina bromuro 60mg Tableta;;580;580
PRIMARY;724;Piridoxina clorhidrato 50mg Tableta;;630;630
PRIMARY;725;Piroxicam 20mg Capsula dura;;160;160
PRIMARY;726;Podofilina 20% [1g/5mL] Suspension topica;;1;1
PRIMARY;727;Poliacrilico acido (carbomero 974P) 0,25% [25mg/10g] Gel oftalmico;;0;0
PRIMARY;728;Poliacrilico acido (carbopol 940) 0,2% [20mg/10g] Gel oftalmico;;15;15
PRIMARY;729;Poliestireno sulfonato de calcio 99% [9.9g/10g] Polvo para reconstituir a solucion oral;;0;0
PRIMARY;730;Polietilenglicol + Propilenglicol 4mg + 3mg/mL Solucion oftalmica;;21;21
PRIMARY;731;Polietilenglicol 3350 (macrogol) 100g/100g [1g por gramo de polvo] Polvo para reconstituir a solucion oral;;5148;5148
PRIMARY;732;Polietilenglicol 400 + Propilenglicol 4mg + 3mg/mL Solucion oftalmica;;0;0
PRIMARY;733;Polvo stomahesive;;89;89
PRIMARY;734;Pramipexol 0,75mg Tableta de liberacion prolongada;;240;240
PRIMARY;735;Pramipexol 1,5mg Tableta de liberacion prolongada;;150;150
PRIMARY;736;Pramipexol 3mg Tableta de liberacion prolongada;;630;630
PRIMARY;737;Prazosina 1mg Tableta;;13950;13950
PRIMARY;738;Prednisolona 0,1% [5mg/5mL] Solucion oral;;54;54
PRIMARY;739;Prednisolona 10mg/mL Solucion oftalmica;;0;0
PRIMARY;740;Prednisolona 5mg Tableta;;15044;15044
PRIMARY;741;Prednisona 50mg Tableta;;1299;1299
PRIMARY;742;Pregabalina 150mg Capsula dura;;4825;4825
PRIMARY;743;Pregabalina 25mg Capsula dura;;5405;5405
PRIMARY;744;Pregabalina 300mg Capsula dura;;606;606
PRIMARY;745;Pregabalina 50mg Capsula dura;;6231;6231
PRIMARY;746;Pregabalina 75mg Capsula dura;;26031;26031
PRIMARY;747;Preservativo masculino de latex;;1909;1909
PRIMARY;748;Progesterona 200mg Capsula blanda;;759;759
PRIMARY;749;Propafenona 150mg Tableta;;810;810
PRIMARY;750;Propiltiouracilo 100mg Tableta;;0;0
PRIMARY;751;Propiltiouracilo 50mg Tableta;;10;10
PRIMARY;752;Propranolol 40mg Tableta;;2400;2400
PRIMARY;753;Propranolol 80mg Tableta;;90;90
PRIMARY;754;Quetiapina 100mg Tableta;;7990;7990
PRIMARY;755;Quetiapina 200mg Tableta;;1462;1462
PRIMARY;756;Quetiapina 200mg Tableta de liberacion prolongada;;0;0
PRIMARY;757;Quetiapina 25mg Tableta;;28152;28152
PRIMARY;758;Quetiapina 300mg Tableta;;270;270
PRIMARY;759;Quetiapina 300mg Tableta de liberacion prolongada;;0;0
PRIMARY;760;Quetiapina 50mg Tableta de liberacion prolongada;;90;90
PRIMARY;761;Rasagilina 1mg Tableta;;150;150
PRIMARY;762;Retinoico acido (tretinoina) 0.05% [2.5mg/5mL] Locion topica;;7;7
PRIMARY;763;Retinoico acido (tretinoina) 0.05% [5mg/10g] Crema topica;;51;51
PRIMARY;764;Rifampicina 300mg Capsula dura;;0;0
PRIMARY;765;Rifaximina 200mg Capsula blanda;;2751;2751
PRIMARY;766;Rifaximina 550mg Tableta;;1677;1677
PRIMARY;767;Risperidona 1mg Tableta;;11005;11005
PRIMARY;768;Risperidona 1mg/1mL Solucion oral Frasco gotero x 20mL;;71;71
PRIMARY;769;Risperidona 1mg/1mL Solucion oral Frasco gotero x 30mL;;8;8
PRIMARY;770;Risperidona 2mg Tableta;;7814;7814
PRIMARY;771;Risperidona 37.5mg Polvo esteril para reconstituir Vial;;21;21
PRIMARY;772;Risperidona 3mg Tableta;;3745;3745
PRIMARY;773;Rituximab 120mg/mL [1400mg/11,7mL] Solucion inyectable Vial x 11,7mL;;14;14
PRIMARY;774;Rivaroxaban 10mg Tableta;;635;635
PRIMARY;775;Rivaroxaban 15mg Tableta;;2274;2274
PRIMARY;776;Rivaroxaban 2,5mg Tableta;;292;292
PRIMARY;777;Rivaroxaban 20mg Tableta;;3155;3155
PRIMARY;778;Rivastigmina 13,3mg/24h [27mg] Parche trasdermico;;60;60
PRIMARY;779;Rivastigmina 4,6mg/24h [9mg] Parche trasdermico;;570;570
PRIMARY;780;Rivastigmina 9,5mg/24h [18mg] Parche trasdermico;;270;270
PRIMARY;781;Rosuvastatina 10mg Tableta;;720;720
PRIMARY;782;Rosuvastatina 20mg Tableta;;21501;21501
PRIMARY;783;Rosuvastatina 40mg Tableta;;46122;46122
PRIMARY;784;Rotigotina 13,5mg Parche trasdermico;;0;0
PRIMARY;785;Rotigotina 18mg Parche trasdermico;;0;0
PRIMARY;786;Rotigotina 9mg Parche trasdermico;;294;294
PRIMARY;787;Saccharomyces boulardi 250mg Capsula dura;;2120;2120
PRIMARY;788;Saccharomyces boulardi 250mg Polvo para reconstituir a solucion oral;;1608;1608
PRIMARY;789;Sacubitrilo Valsartan 100mg Tableta;;0;0
PRIMARY;790;Sacubitrilo Valsartan 200mg Tableta;;330;330
PRIMARY;791;Sacubitrilo Valsartan 50mg Tableta;;5470;5470
PRIMARY;792;Safinamida 100mg Tableta;;210;210
PRIMARY;793;Salbutamol 0,04% [2mg/5mL] Jarabe Frasco x 120mL;;1;1
PRIMARY;794;Salbutamol 100mcg/puff Solucion en aerosol;;395;395
PRIMARY;795;Sales de rehidratacion oral - Dextrosa + Potasio cloruro + Sodio citrato + Sodio cloruro 13,5g + 1,5g + 2,9g + 2,6g Polvo para reconstituir a solucion oral;;0;0
PRIMARY;796;Semaglutida 2mg/1,5mL [0,25 - 0,5mg/dosis] Solucion inyectable Lapicero x 1,5mL;;0;0
PRIMARY;797;Sertralina 100mg Tableta;;5865;5865
PRIMARY;798;Sertralina 25mg Tableta;;1610;1610
PRIMARY;799;Sertralina 50mg Tableta;;17209;17209
PRIMARY;800;Sevelamer clorhidrato 800mg Tableta;;270;270
PRIMARY;801;Sildenafil 20mg Tableta;;30;30
PRIMARY;802;Sildenafil 25mg Tableta;;462;462
PRIMARY;803;Sildenafil 50mg Tableta;;3444;3444
PRIMARY;804;Simeticona + Trimebutina maleato 120mg + 200mg Tableta;;4348;4348
PRIMARY;805;Simeticona + Trimebutina maleato 20mg + 200mg Tableta;;0;0
PRIMARY;806;Sitagliptina 100mg Tableta;;90;90
PRIMARY;807;Sitagliptina 25mg Tableta;;0;0
PRIMARY;808;Sitagliptina 50mg Tableta;;476;476
PRIMARY;809;Sodio cloruro + Hialuronato de sodio 7% + 0,1% Solucion para inhalacion Vial x 5mL;;0;0
PRIMARY;810;Sodio cloruro 0,9% [100mL] Solucion inyectable;;1268;1268
PRIMARY;811;Sodio cloruro 0,9% [250mL] Solucion inyectable;;0;0
PRIMARY;812;Sodio cloruro 0,9% [500mL] Solucion inyectable;;6;6
PRIMARY;813;Sodio cloruro 0,9% [50mL] Solucion inyectable;;0;0
PRIMARY;814;Solifenacina succinato 10mg Tableta;;0;0
PRIMARY;815;Solifenacina succinato 5mg Tableta;;2180;2180
PRIMARY;816;Somatropina 12mg ó 36UI Polvo esteril para reconstituir Vial;;71;71
PRIMARY;817;Somatropina 6,7mg/mL [10mg/1,5mL] Solucion inyectable Cartucho x 1,5mL;;0;0
PRIMARY;818;Sonda foley 2 vias No. 18;;5;5
PRIMARY;819;Sonda nelaton No. 08;;0;0
PRIMARY;820;Sonda nelaton No. 10;;502;502
PRIMARY;821;Sonda nelaton No. 12;;814;814
PRIMARY;822;Sorafenib 200mg Tableta;;390;390
PRIMARY;823;Sucralfato 1g Tableta;;7334;7334
PRIMARY;824;Sucralfato 20% [1g/5mL] Suspension oral;;88;88
PRIMARY;825;Sulfacetamida sodica 100mg/mL Solucion oftalmica;;0;0
PRIMARY;826;Sulfadiazina de plata 1% [100mg/10g] Crema topica;;77;77
PRIMARY;827;Sulfametoxazol + Trimetoprim 4% + 0.8% [200mg + 40mg/5mL] Suspension oral;;15;15
PRIMARY;828;Sulfametoxazol + Trimetoprim 400mg + 80mg Tableta;;526;526
PRIMARY;829;Sulfametoxazol + Trimetoprim 800mg + 160mg Tableta;;4527;4527
PRIMARY;830;Sulfasalazina 500mg Tableta de liberacion retardada;;2343;2343
PRIMARY;831;Sulfato ferroso (hierro) 200mg Tableta;;1725;1725
PRIMARY;832;Sulfato ferroso (hierro) 25mg/mL [500mg/20mL] Solucion oral;;0;0
PRIMARY;833;Sulfato ferroso (hierro) 300mg Tableta;;11658;11658
PRIMARY;834;Sulfato ferroso (hierro) 4% [200mg/5mL] Jarabe;;0;0
PRIMARY;835;Sultamicilina 375mg Tableta;;818;818
PRIMARY;836;Sultamicilina 750mg Tableta;;169;169
PRIMARY;837;Sumatriptan 80mg/mL Solucion oral;;7;7
PRIMARY;838;Tadalafilo 20mg Tableta;;2970;2970
PRIMARY;839;Tadalafilo 5mg Tableta;;1189;1189
PRIMARY;840;Tamoxifeno 20mg Tableta;;1816;1816
PRIMARY;841;Tamsulosina clorhidrato 0,4mg Capsula de liberacion prolongada;;12005;12005
PRIMARY;842;Tapentadol 25mg Tableta de liberacion prolongada;;0;0
PRIMARY;843;Tapentadol 50mg Tableta;;0;0
PRIMARY;844;Tapentadol 50mg Tableta de liberacion prolongada;;0;0
PRIMARY;845;Telmisartan 40mg Tableta;;0;0
PRIMARY;846;Telmisartan 80mg Tableta;;180;180
PRIMARY;847;Temozolamida 100mg Capsula dura;;75;75
PRIMARY;848;Teofilina 125mg Capsula dura;;0;0
PRIMARY;849;Teofilina 300mg Capsula de liberacion prolongada;;0;0
PRIMARY;850;Terbinafina 1% [100mg/10g] Crema topica;;59;59
PRIMARY;851;Terbinafina 250mg Tableta;;912;912
PRIMARY;852;Teriparatida 250mcg/mL [20mcg/0,08mL] Solucion inyectable Jeringa prellenada x 0,08mL;;1063;1063
PRIMARY;853;Testosterona enantato [250mg/mL] Solucion inyectable;;19;19
PRIMARY;854;Testosterona undecanoato [1g/4mL] Solucion inyectable;;0;0
PRIMARY;855;Tiamina monohidrato [1g/10mL] Solucion inyectable;;130;130
PRIMARY;856;Tiamina monohidrato 300mg Tableta;;17536;17536
PRIMARY;857;Tibolona 2,5mg Tableta;;3828;3828
PRIMARY;858;Ticagrelor 90mg Tableta;;660;660
PRIMARY;859;Timolol maleato 5mg/mL Solucion oftalmica Frasco gotero x 5mL;;0;0
PRIMARY;860;Tinidazol 500mg Tableta;;372;372
PRIMARY;861;Tiocolchicosido 4mg Tableta;;20;20
PRIMARY;862;Tiocolchicosido 8mg Tableta;;259;259
PRIMARY;863;Tioctico acido (acido alfa lipoico) 600mg Tableta;;690;690
PRIMARY;864;Tiotropio bromuro 18mcg Capsula dura para inhalacion;;464;464
PRIMARY;865;Tiotropio bromuro 2,5mcg/puff Aerosol Inhalador x 30 dosis;;23;23
PRIMARY;866;Tiras de glucometria;;240;240
PRIMARY;867;Tirotropina alfa 1,1mg Polvo esteril para reconstituir Vial;;0;0
PRIMARY;868;Tizanidina 2mg Tableta;;782;782
PRIMARY;869;Tizanidina 4mg Tableta;;130;130
PRIMARY;870;Tobramicina 3mg/mL Solucion oftalmica;;3;3
PRIMARY;871;Tolterodina 2mg Capsula de liberacion prolongada;;0;0
PRIMARY;872;Tolterodina 4mg Capsula de liberacion prolongada;;0;0
PRIMARY;873;Topiramato 100mg Tableta;;480;480
PRIMARY;874;Topiramato 25mg Tableta;;532;532
PRIMARY;875;Topiramato 50mg Tableta;;1870;1870
PRIMARY;876;Toxina botulinica tipo A 100U Polvo esteril para reconstituir Vial;;6;6
PRIMARY;877;Toxina botulinica tipo A 200U Polvo esteril para reconstituir Vial;;6;6
PRIMARY;878;Toxina botulinica tipo A 500U Polvo esteril para reconstituir Vial;;13;13
PRIMARY;879;Toxina botulinica tipo A 50U Polvo esteril para reconstituir Vial;;0;0
PRIMARY;880;Tramadol clorhidrato [50mg/mL] Solucion inyectable;;0;0
PRIMARY;881;Tramadol clorhidrato 10% [100mg/mL] Solucion oral;;98;98
PRIMARY;882;Tramadol clorhidrato 50mg Capsula dura;;747;747
PRIMARY;883;Tramadol clorhidrato 50mg/mL [100mg/2mL] Solucion inyectable;;0;0
PRIMARY;884;Tranexamico acido 500mg Tableta;;1780;1780
PRIMARY;885;Trastuzumab [600mg/6mL] Solucion inyectable Vial x 6mL;;1;1
PRIMARY;886;Trastuzumab 440mg Polvo esteril para reconstituir Vial;;63;63
PRIMARY;887;Trazodona clorhidrato 50mg Tableta;;16857;16857
PRIMARY;888;Trimebutina 200mg Tableta;;10463;10463
PRIMARY;889;Trimebutina 300mg Tableta;;245;245
PRIMARY;890;Umeclidinio + Vilanterol 55mcg + 22mcg/puff Polvo para inhalacion Inhalador x 30 dosis;;0;0
PRIMARY;891;Ursodeoxicolico acido 300mg Capsula dura;;3971;3971
PRIMARY;892;Valaciclovir 500mg Tableta;;0;0
PRIMARY;893;Valproato de sodio (valproico acido) 5% [250mg/5mL] Jarabe;;0;0
PRIMARY;894;Valproico acido 250mg Capsula blanda;;0;0
PRIMARY;895;Valproico acido 250mg Capsula dura;;47956;47956
PRIMARY;896;Valproico acido 5% [250mg/5mL] Jarabe;;238;238
PRIMARY;897;Valsartan 160mg Tableta;;37917;37917
PRIMARY;898;Valsartan 320mg Tableta;;270;270
PRIMARY;899;Valsartan 40mg Tableta;;0;0
PRIMARY;900;Valsartan 80mg Tableta;;16478;16478
PRIMARY;901;Venlafaxina 150mg Capsula de liberacion prolongada;;900;900
PRIMARY;902;Venlafaxina 37.5mg Capsula de liberacion prolongada;;308;308
PRIMARY;903;Venlafaxina 75mg Capsula de liberacion prolongada;;2280;2280
PRIMARY;904;Verapamilo clorhidrato 120mg Tableta;;360;360
PRIMARY;905;Verapamilo clorhidrato 80mg Tableta;;450;450
PRIMARY;906;Vigabatrina 500mg Tableta;;1995;1995
PRIMARY;907;Vildagliptina 50mg Tableta;;23591;23591
PRIMARY;908;Vincristina sulfato [1mg/mL] Solucion inyectable;;37;37
PRIMARY;909;Vitamina A palmitato 50,000UI Capsula blanda;;0;0
PRIMARY;910;Vitamina A palmitato 50,000UI Capsula dura;;1905;1905
PRIMARY;911;Vitamina D3 (colecalciferol) 1000UI Capsula blanda;;4663;4663
PRIMARY;912;Vitamina D3 (colecalciferol) 2000UI Capsula blanda;;19078;19078
PRIMARY;913;Vitamina D3 (colecalciferol) 25,000UI/mL Solucion oral;;2788;2788
PRIMARY;914;Vitamina D3 (colecalciferol) 5,600UI/mL [56,000UI/10mL] Solucion oral;;0;0
PRIMARY;915;Vitamina D3 (colecalciferol) 7000UI Capsula blanda;;236;236
PRIMARY;916;Vitamina E 1000UI Capsula blanda;;300;300
PRIMARY;917;Vitamina E 400UI Capsula blanda;;1035;1035
PRIMARY;918;Voriconazol 200mg Tableta;;0;0
PRIMARY;919;Warfarina sodica 5mg Tableta;;3898;3898
PRIMARY;920;Zinc oxido 10% [1g/10g] Crema topica;;0;0
PRIMARY;921;Zinc oxido 25% [2,5g/10g] Pasta;;0;0
PRIMARY;922;Zinc oxido 25% [2,5g/10g] Unguento topico;;0;0
PRIMARY;923;Zinc sulfato 0,2% [10mg/5mL] Solucion oral;;145;145
PRIMARY;924;Zinc sulfato 20mg Tableta;;24;24
PRIMARY;925;Zoledronico acido [4mg/5mL] Solucion inyectable Ampolla x 5mL;;13;13
PRIMARY;926;Zoledronico acido 4mg Polvo esteril para reconstituir Vial;;0;0
PRIMARY;927;Zopiclona 7.5mg Tableta;;274;274
SECONDARY;0;NIMODIPINO 30MG TABLETA;999001;1270;1270
SECONDARY;1;LEFLUNOMIDA 20MG TABLETA;999002;1140;1140
SECONDARY;2;SACUBITRIL + VALSARTAN 48.6MG + 51.4MG TABLETA;999003;1620;1620
