DESCRIPCION_TARGET;CODIGO_TARGET;10octubreEvento;11NoviembreEvento;6junioEvento;7julioEvento;8AgostoEvento;9SeptiembreEvento;TOTAL_ACUMULADO
Abiraterona 250mg Tableta;;1080;0;0;720;1200;360;3360
Abiraterona 500mg Tableta;;1920;0;0;180;180;0;2280
Acetaminofen 500mg Tableta;;144835;116138;94547;134972;125881;168483;784856
Acetaminofen + Codeina 325mg + 15mg Tableta;;1050;221;0;525;971;1026;3793
Acetaminofen + Codeina 325mg + 30mg Tableta;;2438;2409;180;1509;1685;3535;11756
Acetaminofen + Tizanidina 350mg + 2mg Tableta;;2499;2232;0;1173;1760;1851;9515
Acetaminofen + Tramadol 325mg + 37,5mg Tableta;;4705;3115;0;1654;2110;3500;15084
Acetaminofen 100mg/mL Solucion oral;;6;3;1;0;0;0;10
Acetaminofen 3% [150mg/5mL] Jarabe;;303;251;339;303;241;323;1760
Aluminio acetato 0,118% [5,9mg/5mL] Locion topica;;65;46;17;17;183;48;376
Acetazolamida 250mg Tableta;;265;510;300;410;404;978;2867
Acetilcisteina 200mg Polvo para reconstituir a solucion oral;;620;305;375;687;189;509;2685
Acetilcisteina 600mg Polvo para reconstituir a solucion oral;;4474;4939;3705;4562;2697;4913;25290
Aciclovir 200mg Tableta;;1184;894;1073;1046;2380;2162;8739
Aciclovir 5% [500mg/10g] Unguento topico;;14;17;18;17;25;25;116
Aciclovir 800mg Tableta;;281;437;605;150;382;465;2320
Acetilsalicilico acido 100mg Tableta;;41241;34249;37803;53875;40822;50757;258747
Ascorbico acido + Cianocobalamina (vitamina B12) + Folico acido + Fumarato ferroso 100mg + 1mg + 2mg + 330mg Capsula dura;;1170;660;0;360;1350;870;4410
Ascorbico acido 100mg/mL Solucion oral;;61;42;32;39;37;38;249
Ascorbico acido 500mg Tableta masticable;;31639;27621;14173;31509;23841;24388;153171
Amoxicilina + Clavulanico acido 875mg + 125mg Tableta;;587;795;167;257;322;593;2721
Fenofibrico acido + Rosuvastatina 135mg + 10mg Capsula dura;;1050;1710;120;570;300;330;4080
Fenofibrico acido + Rosuvastatina 135mg + 20mg Capsula dura;;1770;600;360;540;2970;2250;8490
Fenofibrato de colina 135mg Capsula de liberacion retardada;;240;120;150;300;450;150;1410
Folico acido 1mg Tableta;;16525;14619;10235;15323;12798;14241;83741
Folico acido 5mg Tableta;;1737;1116;1190;2181;1608;1523;9355
Fusidico acido 2% [200mg/10g] Crema topica;;90;83;52;121;107;101;554
Ibandronico acido 150mg Tableta;;23;9;90;3;3;3;131
Ibandronico acido 1mg/mL [6mg/6mL] Solucion inyectable Ampolla x 6mL;;7;11;6;3;3;4;34
Retinoico acido (tretinoina) 0.05% [5mg/10g] Crema topica;;51;51;2;9;23;33;169
Retinoico acido (tretinoina) 0.05% [2.5mg/5mL] Locion topica;;7;1;1;8;9;3;29
Tioctico acido (acido alfa lipoico) 600mg Tableta;;690;330;240;360;450;960;3030
Tranexamico acido 500mg Tableta;;1780;2154;1668;2278;1807;2235;11922
Ursodeoxicolico acido 300mg Capsula dura;;3971;3331;2890;1705;1290;1332;14519
Valproico acido 250mg Capsula dura;;47956;27525;34864;47138;27642;34201;219326
Valproico acido 5% [250mg/5mL] Jarabe;;238;342;185;683;793;327;2568
Zoledronico acido [4mg/5mL] Solucion inyectable Ampolla x 5mL;;13;25;4;2;3;4;51
Aguja para lapicero insulina;;54960;29781;0;13300;21081;14548;133670
Albendazol 2% [100mg/5mL] Suspension oral;;8;12;0;3;7;15;45
Albendazol 200mg Tableta;;796;834;672;871;971;846;4990
Alendronico acido 70mg Tableta;;1612;1304;667;1010;829;1269;6691
Alfametildopa 250mg Tableta;;420;280;0;270;390;270;1630
Alginato de sodio + Bicarbonato de sodio + Calcio carbonato 5% + 2,13% + 3,25% [250mg + 106,5mg + 162,5mg/5mL] Suspension oral;;7;0;0;1;0;0;8
Alimento en polvo a base de multivitaminas y minerales (Vitamix) sobre x 1g;;1920;1140;961;2400;1260;1290;8971
Alizaprida 12mg/mL Solucion oral;;10;4;8;7;4;9;42
Alopurinol 300mg Tableta;;2025;345;180;546;666;815;4577
Amantadina clorhidrato 100mg Capsula dura;;6810;5190;2280;4290;5850;8700;33120
Amikacina [500mg/2mL] Solucion inyectable;;26;20;11;10;0;9;76
Amiodarona clorhidrato 200mg Tableta;;2417;1767;1532;2646;1530;2723;12615
Amitriptilina clorhidrato 25mg Tableta;;6324;5416;3275;6305;5876;5564;32760
Amlodipino + Valsartan 10mg + 160mg Tableta;;2351;1610;2624;2312;1397;2650;12944
Amlodipino + Hidroclorotiazida + Valsartan 10mg + 25mg + 320mg Tableta;;3975;2986;2564;3424;3134;3602;19685
Amlodipino + Valsartan 5mg + 160mg Tableta;;7556;1665;12169;14242;9313;13760;58705
Amlodipino 10mg Tableta;;27148;17189;21245;35403;26525;32134;159644
Amlodipino 5mg Tableta;;48064;27909;45435;66423;50309;81052;319192
Amoxicilina + Clavulanico acido 500mg + 125mg Tableta;;86;77;0;71;123;112;469
Amoxicilina 500mg Capsula dura;;12163;10735;2956;8111;7114;11222;52301
Ampicilina 500mg Capsula dura;;930;346;1089;445;481;473;3764
Alprazolam 1mg Tableta;;364;90;2160;2976;364;252;6206
Apalutamida 60mg Tableta;;480;600;0;0;120;480;1680
Apixaban 5mg Tableta;;23110;19522;7083;19239;16982;18388;104324
Aripiprazol 15mg Tableta;;3660;3330;2860;4605;2000;2370;18825
Atorvastatina 20mg Tableta;;74117;52730;68805;100378;94359;109653;500042
Atorvastatina 40mg Tableta;;85033;69238;73996;93081;85494;127995;534837
Atorvastatina 10mg Tableta;;1440;1530;1620;2520;1590;2940;11640
Atorvastatina 80mg Tableta;;190;180;0;240;0;210;820
Atropina sulfato 10mg/mL Solucion oftalmica;;7;20;3;0;3;11;44
Etoposido [100mg/5mL] Solucion inyectable;;399;476;57;175;81;293;1481
Captopril 50mg Tableta;;1410;510;5603;4750;2490;2400;17163
Azitromicina 4% [200mg/5mL] Polvo para reconstituir a solucion oral;;40;35;20;50;37;26;208
Azitromicina 500mg Tableta;;213;298;277;191;305;374;1658
Bacillus clausii 2000 millones/5mL Suspension oral;;10;10;30;30;30;44;154
Baclofeno 10mg Tableta;;1825;1985;880;1670;2475;2540;11375
Barrera de colostomia No. 45mm;;103;71;0;0;0;26;200
Barrera de colostomia No. 57mm;;168;251;0;0;0;106;525
Barrera de colostomia No. 70mm;;281;294;0;28;0;108;711
Beclometasona dipropionato + Formoterol fumarato 100mcg + 6mcg/dosis Solucion en aerosol;;3;3;32;40;10;11;99
Bencilo benzoato 30% [1.5g/5mL] Locion topica;;5;10;4;2;5;5;31
Betahistina 16mg Tableta;;5133;5141;1685;2023;3594;5269;22845
Betahistina 24mg Tableta;;3496;3792;1920;4810;3866;4083;21967
Betahistina 8mg Tableta;;1863;2089;1546;1035;2034;1962;10529
Betametasona valerato + Clotrimazol + Neomicina 0,04% + 1% + 0,5% [4mg + 100mg + 50mg/10g] Crema topica;;35;27;15;29;42;21;169
Betametasona valerato 0,1% [10mg/10g] Crema topica;;109;80;42;127;32;108;498
Betametasona sodio fosfato [8mg/2mL] Solucion inyectable;;9;3;11;11;22;14;70
Bevacizumab 25mg/mL [100mg/4mL] Solucion inyectable Vial x 4mL;;317;320;241;229;177;270;1554
Bicalutamida 150mg Tableta;;60;0;0;0;0;0;60
Bicalutamida 50mg Tableta;;120;90;0;210;60;90;570
Bilastina 20mg Tableta;;180;510;180;270;630;470;2240
Bimatoprost 0,3mg/mL Solucion oftalmica Frasco gotero x 3mL;;10;20;6;10;10;19;75
Biperideno 2mg Tableta;;4577;2550;2250;3060;3913;4995;21345
Bisacodilo 5mg Tableta;;6273;4808;4452;5501;4058;6444;31536
Bisoprolol 5mg Tableta;;3810;2835;2731;3420;3330;5385;21511
Bolsa de colostomia No. 45mm;;93;54;0;0;0;83;230
Bolsa de colostomia No. 57mm;;132;191;0;30;0;33;386
Bolsa de colostomia No. 70mm;;316;320;0;25;0;173;834
Bolsa recolectora de orina 2000mL;;20;61;0;12;0;45;138
Bosentan 125mg Tableta;;150;120;180;0;0;120;570
Bosentan 62.5mg Tableta;;60;90;0;0;0;0;150
Brimonidina tartrato + Timolol 2mg + 5mg/mL Solucion oftalmica Frasco gotero x 2,5mL;;6;5;14;8;5;12;50
Brivaracetam 100mg Tableta;;214;360;0;0;180;0;754
Fenoterol bromhidrato + Ipratropio bromuro 50mcg + 20mcg/puff Aerosol Inhalador x 200 dosis;;386;575;330;630;406;266;2593
Pinaverio 100mg Tableta;;1390;1775;0;253;1620;1899;6937
Piridostigmina bromuro 60mg Tableta;;580;1440;1041;540;620;960;5181
Tiotropio bromuro 18mcg Capsula dura para inhalacion;;464;249;93;369;488;48;1711
Tiotropio bromuro 2,5mcg/puff Aerosol Inhalador x 30 dosis;;23;30;0;10;16;24;103
Budesonida + Formoterol 160mcg + 4.5mcg/dosis Aerosol Inhalador x 120 dosis;;46;57;38;55;36;66;298
Budesonida + Formoterol 200mcg + 6mcg Capsula dura para inhalacion;;15;3;2;0;9;7;36
Colchicina 0.5mg Tableta;;20969;20478;6706;16715;15325;17813;98006
Calcio carbonato + vitamina D3 600mg + 200UI Tableta;;270;150;0;690;733;1050;2893
Capecitabina 500mg Tableta;;2878;4234;2936;2795;3120;1783;17746
Captopril 25mg Tableta;;750;210;540;1171;930;750;4351
Carbamazepina 2% [100mg/5mL] Suspension oral Frasco x 120mL;;98;66;0;0;0;49;213
Carbamazepina 200mg Tableta;;25659;14920;18415;16390;19499;26661;121544
Carbamazepina 400mg Tableta de liberacion prolongada;;740;150;840;220;0;120;2070
Carbidopa + Levodopa 25mg + 100mg Tableta;;4403;4360;0;2310;1395;5710;18178
Carbidopa + Levodopa 25mg + 250mg Tableta;;10250;8530;5280;8665;6655;16350;55730
Calcio carbonato + Vitamina D3 500mg + 330UI Tableta;;12581;12866;4710;7589;5289;12130;55165
Calcio carbonato 1500mg (600mg calcio) Tableta;;56125;34744;34699;56630;41673;55863;279734
Litio carbonato 300mg Tableta;;8369;4895;10850;7260;5490;7450;44314
Carboplatino 10mg/mL [450mg/45mL] Solucion inyectable;;86;137;35;75;62;76;471
Carboximetilcelulosa sodica + Glicerina 5mg + 9mg/mL Solucion oftalmica;;54;35;309;380;45;73;896
Carboximetilcelulosa sodica + Glicerina + Hialuronato de sodio 5mg + 9mg + 1mg/mL Solucion oftalmica;;48;32;27;91;80;34;312
Carboximetilcelulosa sodica 5mg/mL Solucion oftalmica;;333;232;611;484;934;347;2941
Carvedilol 25mg Tableta;;1680;1320;2430;4740;3870;3450;17490
Cefalexina 5% [250mg/5mL] Polvo para reconstituir a solucion oral;;166;63;74;70;73;61;507
Cefalexina 500mg Capsula dura;;11658;9959;9517;12333;10885;13415;67767
Celecoxib 100mg Capsula dura;;30;0;0;0;0;0;30
Celecoxib 200mg Capsula dura;;65;95;0;60;60;80;360
Cetirizina 10mg Tableta;;3108;3861;1332;2544;2260;2394;15499
Cetirizina 1% [10mg/mL] Solucion oral;;6;2;8;10;7;5;38
Cetirizina 0,1% [5mg/5mL] Jarabe;;37;38;28;39;40;61;243
Ciclobenzaprina + Lisina clonixinato 5mg + 125mg Capsula blanda;;160;60;0;100;20;201;541
Ciclobenzaprina 10mg Tableta;;2044;1509;910;1525;1461;2018;9467
Ciclobenzaprina 15mg Tableta;;727;261;20;168;265;776;2217
Cilostazol 100mg Tableta;;768;120;58;450;0;774;2170
Cilostazol 50mg Tableta;;540;420;0;240;540;330;2070
Cinacalcet 30mg Tableta;;1166;1006;450;270;210;120;3222
Ciprofibrato 100mg Tableta;;1430;2050;480;1730;1160;1870;8720
Ciprofloxacina 500mg Tableta;;3650;2955;2836;4294;3829;3907;21471
Ciprofloxacina + Dexametasona 3mg + 1mg/mL Solucion oftalmica;;4;3;2;2;1;0;12
Cisplatino 1mg/mL [50mg/50mL] Solucion inyectable;;190;139;12;97;118;112;668
Citarabina [500mg/5mL] Solucion inyectable Vial x 5mL;;4;10;3;3;0;0;20
Citicolina 500mg Tableta;;1080;1080;0;240;90;651;3141
Alverina citrato + Simeticona 60mg + 300mg Capsula blanda;;180;230;0;500;420;180;1510
Calcio citrato + Vitamina D3 1500mg (calcio 315mg) + 200UI Tableta;;22740;9840;570;6450;10830;22672;73102
Calcio citrato + Vitamina D3 1500mg (calcio 315mg) + 800UI Tableta;;30;30;0;0;90;0;150
Eritromicina 5% [250mg/5mL] Suspension oral;;8;1;5;3;1;12;30
Claritromicina 500mg Tableta;;3638;2863;1505;2551;2185;2974;15716
Clindamicina 300mg Capsula dura;;2312;1876;1163;2456;1866;2506;12179
Clobazam 10mg Tableta;;720;780;900;1140;1530;1080;6150
Clobazam 20mg Tableta;;360;360;0;600;720;555;2595
Clobetasol 0.05% [5mg/10g] Crema topica;;178;133;80;203;231;157;982
Clobetasol 0.05% [2,5mg/5mL] Locion topica;;30;12;0;0;5;24;71
Clonazepam 0.5mg Tableta;;1140;1110;2040;1650;960;2040;8940
Clonazepam 0.25% [2.5mg/mL] Solucion oral;;36;29;42;45;35;49;236
Clonazepam 2mg Tableta;;1530;1650;1266;1776;930;1860;9012
Clopidogrel 75mg Tableta;;4780;3675;2640;3987;4319;5508;24909
Clorfeniramina maleato 0,04% [2mg/5mL] Jarabe;;8;1;9;17;11;15;61
Clorfeniramina maleato 4mg Tableta;;628;205;0;202;257;285;1577
Cloroquina fosfato 150mg Tableta;;585;585;720;565;810;1014;4279
Clortalidona 12.5mg Tableta;;270;0;0;0;0;480;750
Clortalidona 25mg Tableta;;90;0;90;0;180;0;360
Sodio cloruro 0,9% [250mL] Solucion inyectable;;17;33;0;18;0;0;68
Sodio cloruro 0,9% [100mL] Solucion inyectable;;941;1144;75;495;395;606;3656
Clotrimazol 1% [100mg/10g] Crema topica;;159;161;154;173;175;199;1021
Clotrimazol 1% [100mg/10g] Crema vaginal;;55;47;57;74;64;59;356
Clotrimazol 1% [100mg/10g] Solucion topica;;34;13;16;13;29;27;132
Clotrimazol 100mg Ovulo;;346;206;234;307;361;288;1742
Clozapina 100mg Tableta;;3120;4920;5445;5250;840;5581;25156
Clozapina 25mg Tableta;;1080;1740;1200;1200;840;3840;9900
Colistina sulfato + Hidrocortisona acetato + Neomicina sulfato 1,538mg + 0,5mg + 5mg/mL Solucion otica;;12;8;0;0;0;1;21
Complejo B [Vitamina B1 (tiamina) + Vitamina B6 (piridoxina) + Vitamina B12 (hidroxicobalamina)] [100mg + 50mg + 10mcg/2mL] Solucion inyectable;;3;40;22;52;10;30;157
Condroitina sulfato + Hialuronato de sodio 1.8mg + 1mg/mL Solucion oftalmica Frasco gotero x 10mL;;23;31;3;13;13;16;99
Cromoglicato de sodio 2% [20mg/mL] Solucion oftalmica;;52;61;20;82;49;68;332
Cromoglicato de sodio 4% [40mg/mL] Solucion oftalmica;;6;4;5;2;0;4;21
Crotamiton 10% [500mg/5mL] Locion topica;;2;1;0;1;0;8;12
Danazol 200mg Capsula dura;;90;0;150;0;300;480;1020
Dapagliflozina + Metformina 10mg + 1000mg Tableta de liberacion prolongada;;6705;6445;196;3521;5812;9198;31877
Dapagliflozina + Metformina 5mg + 1000mg Tableta de liberacion prolongada;;15477;11471;522;6632;7734;6649;48485
Dapagliflozina 10mg Tableta;;42777;27181;56608;84290;61098;60396;332350
Dasatinib 100mg Tableta;;300;60;270;360;240;30;1260
Deflazacort 30mg Tableta;;60;60;90;180;40;125;555
Deflazacort 6mg Tableta;;3530;1350;700;1779;2420;3022;12801
Desloratadina + Montelukast 5mg + 10mg Tableta;;2475;4620;3270;3695;2520;2720;19300
Desloratadina 5mg Tableta;;2944;2107;1113;1599;3175;3656;14594
Desmopresina 120mcg Tableta sublingual;;720;60;0;60;0;660;1500
Desvenlafaxina 50mg Tableta de liberacion prolongada;;243;685;180;0;84;380;1572
Dexametasona + Neomicina + Polimixina B 1mg + 3,5mg + 6000UI/mL Solucion oftalmica;;60;36;23;60;43;57;279
Dexametasona 4mg Tableta;;60;70;0;0;58;30;218
Dexametasona fosfato [4mg/mL] Solucion inyectable;;40;63;56;99;51;164;473
Dexametasona fosfato [8mg/2mL] Solucion inyectable;;1635;1508;846;1651;1303;1616;8559
Nifedipina 30mg Capsula de liberacion prolongada;;60;0;0;28;0;0;88
Dextrosa en agua destilada 50% [500mL] Solucion inyectable;;87;145;2;48;23;68;373
Diacereina 50mg Capsula dura;;19350;16935;11715;17095;13210;28470;106775
Diclofenaco + Tramadol 25mg + 25mg Tableta;;7037;3316;0;5275;4363;7216;27207
Diclofenaco + Tramadol 50mg + 50mg Tableta;;1080;1153;0;879;709;837;4658
Diclofenaco 1% [100mg/10g] Gel topico;;547;719;298;522;497;641;3224
Diclofenaco 50mg Tableta;;4336;3547;1790;4384;4043;3975;22075
Diclofenaco [75mg/3mL] Solucion inyectable;;1422;905;1075;1773;1326;1442;7943
Dicloxacilina 500mg Capsula dura;;1341;890;583;1343;729;1346;6232
Dienogest 2mg Tableta;;2106;986;500;310;196;738;4836
Hidroxicina 0.25% [12.5mg/5mL] Jarabe;;154;102;133;172;120;69;750
Difenhidramina 50mg Capsula dura;;3812;3392;4544;4952;4203;4884;25787
Diltiazem 60mg Tableta;;150;300;240;810;390;345;2235
Dimenhidrinato 50mg Tableta;;3259;1463;1053;2887;2622;2031;13315
Diosmina + Hesperidina 450mg + 50mg Tableta;;26578;11408;13811;16615;20044;27928;116384
Diosmina + Hesperidina [900mg + 100mg/10mL] Solucion oral;;30;210;90;90;165;15;600
Diosmina + Hesperidina 900mg + 100mg Tableta;;420;120;1110;695;600;780;3725
Dipirona sodica 1g/2mL Solucion inyectable;;31;1;0;3;4;11;50
Levonorgestrel 52mg Dispositivo intrauterino;;2;0;0;1;0;0;3
Divalproato de sodio (valproico acido) 250mg Tableta de liberacion prolongada;;6930;2580;4410;7230;4320;6750;32220
Divalproato de sodio (valproico acido) 500mg Tableta de liberacion prolongada;;6640;2700;12360;8280;3750;4290;38020
Docetaxel [80mg/4mL] Solucion inyectable concentrada Vial x 4mL;;56;79;10;12;26;27;210
Domperidona 10mg Tableta;;430;810;240;460;150;828;2918
Domperidona 0.1% [5mg/5mL] Suspension oral;;18;8;12;19;3;20;80
Donepecilo 5mg Tableta;;120;0;0;0;0;0;120
Brimonidina tartrato + Dorzolamina + Timolol 2mg + 20mg + 5mg/mL Solucion oftalmica Frasco gotero x 5mL;;173;212;215;199;165;275;1239
Dorzolamida + Timolol maleato 20mg + 5mg/mL Solucion oftalmica Frasco gotero x 5mL;;42;11;26;16;14;19;128
Doxazosina 4mg Tableta;;540;390;0;220;150;180;1480
Doxiciclina 100mg Tableta;;4453;4593;2570;3767;3803;4396;23582
Doxorubicina 2mg/mL [50mg/25mL] Solucion inyectable Vial x 25mL;;83;122;56;62;43;88;454
Duloxetina 30mg Capsula de liberacion retardada;;1330;1040;1167;590;1280;1030;6437
Duloxetina 60mg Capsula de liberacion retardada;;870;1420;296;508;330;1470;4894
Dutasteride + Tamsulosina 0.5mg + 0.4mg Capsula dura;;22047;4875;90;15960;19703;34600;97275
Eltrombopag 25mg Tableta;;1290;1036;0;0;11;252;2589
Eltrombopag 50mg Tableta;;560;28;0;806;28;820;2242
Empagliflozina + Linagliptina 10mg + 5mg Tableta;;120;390;0;0;0;30;540
Empagliflozina + Linagliptina 25mg + 5mg Tableta;;120;210;0;0;0;0;330
Empagliflozina + Metformina 12,5mg + 1000mg Tableta;;3750;3000;0;3480;4410;3510;18150
Empagliflozina + Metformina 12,5mg + 850mg Tableta;;850;360;0;240;960;420;2830
Empagliflozina 10mg Tableta;;2970;1500;210;4620;6420;3738;19458
Empagliflozina 25mg Tableta;;3720;1710;0;5760;5954;4800;21944
Emtricitabina + Tenofovir disoproxil fumarato 200mg + 300mg Tableta;;60;0;0;60;60;0;180
Enalapril maleato 20mg Tableta;;42518;52408;29896;28412;17412;40050;210696
Enalapril maleato 5mg Tableta;;10190;7506;6160;17170;13270;13930;68226
Enoxaparina sodica 4000UI [40mg/0,4mL] Solucion inyectable Jeringa prellenada x 0,4mL;;3170;1686;2040;3501;2192;2858;15447
Enoxaparina sodica 2000UI [20mg/0,2mL] Solucion inyectable Jeringa prellenada x 0,2mL;;26;22;40;67;35;0;190
Enoxaparina sodica 6000UI [60mg/0,6mL] Solucion inyectable Jeringa prellenada x 0,6mL;;919;790;148;724;296;632;3509
Enoxaparina sodica 8000UI [80mg/0,8mL] Solucion inyectable Jeringa prellenada x 0,8mL;;300;179;70;170;6;130;855
Enzalutamida 40mg Capsula blanda;;360;0;0;0;120;240;720
Cafeina + Ergotamina tartrato 100mg + 1mg Tableta;;6325;5958;3587;6029;5796;5414;33109
Eritromicina 500mg Tableta;;174;10;80;287;67;64;682
Eritropoyetina humana recombinante 4,000UI Solucion inyectable Ampolla x 1mL;;297;219;0;72;174;204;966
Esomeprazol 10mg Capsula dura;;765;1122;876;318;381;1030;4492
Esomeprazol 20mg Tableta;;53358;22466;39877;58212;50606;59007;283526
Esomeprazol 40mg Tableta de liberacion retardada;;21015;17974;24138;43283;32825;37509;176744
Espiramicina 3,000,000UI Tableta;;390;270;540;540;90;720;2550
Espironolactona 100mg Tableta;;3194;1300;1380;2265;2110;1625;11874
Espironolactona 25mg Tableta;;37285;7050;24937;37248;20040;25668;152228
Estrogenos conjugados 0.625mg/g Crema vaginal Tubo x 43g;;118;163;134;92;118;166;791
Estrogenos conjugados 0.625mg Tableta;;3458;2983;181;1978;2173;2547;13320
Eszopiclona 2mg Tableta;;90;90;0;210;210;180;780
Eszopiclona 3mg Tableta;;405;357;120;320;330;450;1982
Etonogestrel 68mg Implante trasdermico;;14;14;10;18;13;15;84
Etoricoxib 120mg Tableta;;409;565;598;1084;726;694;4076
Etoricoxib 30mg Tableta;;60;10;30;120;65;30;315
Etoricoxib 60mg Tableta;;10297;8355;8158;13132;13429;12390;65761
Etoricoxib 90mg Tableta;;15559;3420;5510;11437;8513;15310;59749
Rosuvastatina 20mg Tableta;;21501;16260;17505;24875;22450;27892;130483
Rosuvastatina 40mg Tableta;;46122;36476;50589;65680;57879;66005;322751
Febuxostat 80mg Capsula blanda;;155;445;75;330;300;225;1530
Fenazopiridina 200mg Tableta;;252;258;0;62;130;95;797
Fenitoina sodica 100mg Capsula dura;;5000;5204;2841;2600;3230;4540;23415
Fenobarbital 0.4% [20mg/5mL] Solucion oral;;54;31;50;35;49;88;307
Fenobarbital 100mg Tableta;;2160;6000;180;1260;2760;8355;20715
Fenobarbital 50mg Tableta;;30;510;0;90;0;90;720
Fenofibrato 200mg Capsula dura;;840;1790;1380;1830;2320;1380;9540
Fexofenadina 0,6% [30mg/5mL] Suspension oral;;298;267;302;295;215;334;1711
Fexofenadina 120mg Tableta;;6802;8615;4814;6461;6486;7343;40521
Fluconazol 150mg Capsula dura;;60;49;81;147;110;36;483
Fluconazol 200mg Capsula dura;;645;656;351;825;784;1242;4503
Metronidazol 5% [250mg/5mL] Suspension oral;;27;23;5;20;8;8;91
Flunarizina 10mg Tableta;;3572;4081;1225;3025;1883;4901;18687
Flunarizina 5mg Tableta;;75;180;0;30;90;60;435
Fluorometolona acetato 1mg/mL Solucion oftalmica;;36;102;143;76;50;72;479
Fluorouracilo [500mg/10mL] Solucion inyectable;;602;984;101;324;198;343;2552
Fluoxetina 20mg Tableta;;20079;8685;5651;7223;16440;19158;77236
Fluoxetina 0,4% [20mg/5mL] Jarabe;;246;214;300;273;205;243;1481
Fluvoxamina maleato 100mg Tableta;;6030;1650;2430;270;0;3690;14070
Folinato de calcio [50mg/5mL] Solucion inyectable;;750;1312;134;428;178;455;3257
Fosfomicina 3g Polvo para reconstituir a solucion oral Sobre x 8g;;212;316;241;231;204;249;1453
Testosterona enantato [250mg/mL] Solucion inyectable;;17;21;14;43;15;30;140
Fluticasona + Vilanterol 200mcg + 25mcg/puff Polvo para inhalacion Inhalador x 30 dosis;;20;15;0;0;29;22;86
Furosemida 20mg/2mL Solucion inyectable;;252;176;48;136;101;93;806
Furosemida 40mg Tableta;;28363;19311;36553;58127;42846;51917;237117
Gemfibrozilo 600mg Tableta;;5925;3360;3830;5888;4245;6332;29580
Gentamicina sulfato [3mg/mL] Solucion oftalmica;;22;15;18;17;13;27;112
Gentamicina sulfato [160mg/2mL] Solucion inyectable;;163;90;81;82;72;87;575
Gentamicina sulfato [80mg/2mL] Solucion inyectable;;15;23;32;6;21;43;140
Glibenclamida 5mg Tableta;;440;90;360;90;0;300;1280
Glimepirida 2mg Tableta;;3660;870;1620;3120;1740;3510;14520
Glimepirida 4mg Tableta;;1220;1230;150;30;0;600;3230
Glucometro digital;;136;83;77;94;98;124;612
Morfina [10mg/mL] Solucion inyectable;;605;313;422;420;450;722;2932
Guante de examen de nitrilo L Caja x 100 Unidades;;1;0;0;0;0;0;1
Guante esteril No. 7 con talco - Par;;58;0;0;0;0;740;798
Haloperidol 10mg Tableta;;90;0;0;149;60;0;299
Haloperidol 2mg/mL Solucion oral;;70;71;111;63;24;41;380
Haloperidol 5mg Tableta;;902;120;805;270;90;90;2277
Hialuronato de sodio 4mg/mL Solucion oftalmica;;155;203;614;223;52;313;1560
Hidroclorotiazida 25mg Tableta;;63940;22424;85298;115769;84414;61858;433703
Hidrocortisona acetato 0,5% [50mg/10g] Locion topica;;2;5;2;4;5;3;21
Hidrocortisona acetato 1% [100mg/10g] Crema topica;;203;118;57;141;105;180;804
Hidromorfona clorhidrato 2.5mg Tableta;;180;240;0;0;180;90;690
Hidroxicina 25mg Tableta;;2840;2831;3682;2322;2461;1975;16111
Hidroxicloroquina sulfato 200mg Tableta;;1781;2060;3100;2660;2652;2796;15049
Aluminio hidroxido + Magnesio hidroxido + Simeticona 4% + 4% + 0,4% [200mg + 200mg + 20mg/5mL] Suspension oral;;267;819;67;152;216;246;1767
Aluminio hidroxido 6% [300mg/5mL] Suspension oral;;57;319;116;258;356;152;1258
Hidroxiurea (hidroxicarbamida) 500mg Capsula dura;;3470;2942;1642;2538;1470;1460;13522
Hierro sacarato [100mg/5mL] Solucion inyectable;;36;35;34;43;43;72;263
Hioscina n-butil bromuro 10mg Tableta;;16629;17624;10182;21557;17133;18244;101369
Hioscina n-butil bromuro [20mg/mL] Solucion inyectable;;29;21;10;86;26;25;197
Ibuprofeno 400mg Tableta;;9353;6793;4803;8487;7064;9129;45629
Ibuprofeno 2% [100mg/5mL] Suspension oral;;49;18;11;14;18;28;138
Ibuprofeno 600mg Tableta;;63;24;0;0;0;99;186
Ibuprofeno 800mg Tableta;;675;695;1430;1080;148;1240;5268
Imatinib 100mg Tableta;;450;0;0;0;90;270;810
Imatinib 400mg Tableta;;240;120;0;660;270;30;1320
Imipramina clorhidrato 10mg Tableta;;1345;930;770;670;590;350;4655
Imipramina clorhidrato 25mg Tableta;;7125;5475;6190;6355;6430;7855;39430
Glicopirronio + Indacaterol 50mcg + 110mcg Capsula dura para inhalacion;;495;556;0;225;150;90;1516
Inmunoglobulina humana anti D (RH) 300mcg Solucion inyectable Jeringa prellenada x 2mL;;5;3;0;6;8;5;27
Insulina asparta 100UI/mL [300UI/3mL] Solucion inyectable Lapicero x 3mL;;222;137;220;201;156;157;1093
Insulina degludec 100UI/mL [300UI/3mL] Solucion inyectable Lapicero x 3mL;;64;77;45;39;103;95;423
Insulina detemir 100UI/mL [300UI/3mL] Solucion inyectable Lapicero x 3mL;;9;17;0;11;0;16;53
Insulina glargina + lixisenatida 100UI + 50mcg/mL [300UI + 150mcg/3mL] Solucion inyectable Lapicero x 3mL;;304;145;224;281;194;242;1390
Insulina glargina + lixisenatida 100UI + 33mcg/mL [300UI + 99mcg/3mL] Solucion inyectable Lapicero x 3mL;;428;229;268;205;472;297;1899
Insulina glargina 100UI/mL [300UI/3mL] Solucion inyectable Lapicero x 3mL;;1891;1234;954;1193;736;1096;7104
Insulina glargina 300UI/mL [450UI/1,5mL] Solucion inyectable Lapicero x 1,5mL;;958;721;752;709;1035;1547;5722
Insulina glulisina 100UI/mL [1000UI/10mL] Solucion inyectable Vial x 10mL;;99;63;43;126;52;43;426
Insulina glulisina 100UI/mL [300UI/3mL] Solucion inyectable Lapicero x 3mL;;561;383;284;383;285;420;2316
Insulina lispro 100UI/mL [1000UI/10mL] Solucion inyectable Vial x 10mL;;20;11;0;42;9;13;95
Amlodipino + Irbesartan 5mg + 150mg Tableta;;270;90;0;0;0;0;360
Amlodipino + Irbesartan 10mg + 300mg Tableta;;84;0;0;0;0;86;170
Irbesartan 150mg Tableta;;2798;1588;1705;2470;1350;1465;11376
Irbesartan 300mg Tableta;;60;90;210;30;0;0;390
Irinotecan [100mg/5mL] Solucion inyectable Ampolla x 5mL;;88;118;19;41;12;11;289
Isotretinoina 10mg Capsula blanda;;430;240;90;452;96;220;1528
Isotretinoina 20mg Capsula blanda;;225;75;150;230;60;580;1320
Itraconazol 100mg Capsula dura;;240;42;528;382;232;42;1466
Ivermectina 0,6% [6mg/mL] Solucion oral;;81;46;21;45;36;56;285
Jeringa punta cateter esteril de 60mL - Unidad;;4;0;0;0;0;0;4
Ketoconazol 200mg Tableta;;77;255;40;188;259;59;878
Ketotifeno 0,02% [1mg/5mL] Jarabe;;59;41;57;97;58;99;411
Lacosamida 100mg Tableta;;4185;3320;4222;5988;4890;5562;28167
Lacosamida 200mg Tableta;;1860;2460;1774;2262;886;1926;11168
Lacosamida 50mg Tableta;;1705;1937;984;1713;1756;3046;11141
Lamotrigina 100mg Tableta orodispersable;;7520;3760;4738;6100;4670;4780;31568
Lamotrigina 200mg Tableta orodispersable;;60;1260;960;1470;840;450;5040
Lamotrigina 50mg Tableta orodispersable;;2650;4830;1980;2760;2850;2540;17610
Lanceta de glucometria - Unidad;;48345;35060;6301;52279;0;50501;192486
Lansoprazol 30mg Capsula de liberacion retardada;;4212;5472;1963;2830;2538;5028;22043
Latanoprost 50mcg/mL Solucion oftalmica Frasco gotero x 2,5mL;;97;42;141;116;52;151;599
Latanoprost 50mcg/mL Solucion oftalmica Frasco gotero x 3mL;;18;8;0;18;26;11;81
Naratriptan 2.5mg Tableta;;4112;2114;1440;1297;511;397;9871
Levetiracetam 10% [500mg/5mL] Solucion oral Frasco x 300mL;;93;91;50;106;75;89;504
Levetiracetam 1g Tableta;;22730;20740;12400;16118;17600;23540;113128
Levetiracetam 500mg Tableta;;30543;25153;18473;23292;21430;23738;142629
Levocetirizina + Montelukast 5mg + 10mg Tableta;;420;90;0;0;0;30;540
Levocetirizina 5mg Tableta;;337;240;120;1000;434;740;2871
Carbidopa + Entacapona + Levodopa 25mg + 200mg + 100mg Tableta;;900;0;0;0;0;0;900
Carbidopa + Entacapona + Levodopa 50mg + 200mg + 200mg Tableta;;270;0;180;210;0;0;660
Levofloxacina 500mg Tableta;;589;573;217;519;468;435;2801
Levofloxacina 750mg Tableta;;50;99;0;34;66;40;289
Levomepromazina 100mg Tableta;;315;390;900;601;480;450;3136
Levomepromazina 25mg Tableta;;2575;2580;2730;3990;1230;2427;15532
Levomepromazina 40mg/mL Solucion oral;;183;138;148;211;111;168;959
Levonorgestrel 75mg Solucion inyectable Implante;;14;5;11;16;13;16;75
Levosulpiride + Pancreatina + Simeticona 25mg + 150mg + 80mg Tableta;;4083;5490;5754;10890;6820;4785;37822
Levotiroxina sodica 100mcg Tableta;;25889;29328;25231;34291;26802;36685;178226
Levotiroxina sodica 112mcg Tableta;;450;120;0;480;560;480;2090
Levotiroxina sodica 125mcg Tableta;;6922;5757;5546;8250;4740;8791;40006
Levotiroxina sodica 150mcg Tableta;;3415;1656;4902;6313;5360;3876;25522
Levotiroxina sodica 175mcg Tableta;;180;30;120;540;151;180;1201
Levotiroxina sodica 200mcg Tableta;;90;0;290;180;90;0;650
Levotiroxina sodica 25mcg Tableta;;26074;20478;25209;28278;23101;36215;159355
Levotiroxina sodica 50mcg Tableta;;21235;39759;64988;77419;45886;24526;273813
Levotiroxina sodica 62mcg Tableta;;330;30;180;330;120;330;1320
Levotiroxina sodica 75mcg Tableta;;20706;25156;27030;21194;26167;35615;155868
Levotiroxina sodica 88mcg Tableta;;3070;1070;2340;1335;1098;2685;11598
Hidrocortisona 10mg Tableta;;40;33;4;10;6;46;139
Hidrocortisona acetato + Lidocaina 5mg + 60mg Supositorio;;28;24;0;0;26;0;78
Hidrocortisona acetato + Lidocaina 0.25% + 5% [25mg + 500mg] Unguento rectal;;2;12;0;0;0;0;14
Lidocaina 2% [20mg/mL] Jalea topica;;306;252;212;171;280;308;1529
Lidocaina 5% [700mg/10cm] Parche trasdermico;;125;433;976;610;1900;335;4379
Linagliptina + Metformina 2,5mg + 850mg Tableta;;120;0;0;60;0;60;240
Linagliptina 5mg Tableta;;3180;1740;30;2595;5820;4530;17895
Linezolid 600mg Tableta;;172;0;0;0;0;0;172
Liraglutida 6mg/mL [18mg/3mL] Solucion inyectable Lapicero x 3mL;;44;31;0;5;44;45;169
Loperamida clorhidrato 2mg Tableta;;1711;1060;1256;1892;1657;1345;8921
Loratadina 10mg Tableta;;4276;3461;2565;6190;4816;4090;25398
Loratadina 0.1% [5mg/5mL] Jarabe;;49;47;68;73;38;65;340
Lorazepam 1 mg Tableta;;123;220;690;655;150;600;2438
Lorazepam 2 mg Tableta;;720;660;600;603;360;960;3903
Hidroclorotiazida + Losartan potasico 12,5mg + 100mg Tableta;;150;180;0;0;0;150;480
Hidroclorotiazida + Losartan potasico 25mg + 100mg Tableta;;150;410;240;480;0;360;1640
Hidroclorotiazida + Losartan potasico 12,5mg + 50mg Tableta;;2730;2955;1500;1800;570;990;10545
Losartan potasico 100mg Tableta;;24412;17400;16310;38315;29981;29208;155626
Losartan potasico 50mg Tableta;;222927;151252;228130;354942;306127;342834;1606212
Loteprednol 5mg/mL Solucion oftalmica;;15;10;0;9;5;3;42
Lovastatina 20mg Tableta;;30;90;180;90;270;60;720
Lubiprostone 24mcg Capsula blanda;;450;330;0;60;180;130;1150
Medroxiprogesterona acetato + Estradiol cipionato [25mg + 5mg/0,5mL] Solucion inyectable Ampolla x 0,5mL;;115;105;75;113;92;84;584
Medroxiprogesterona acetato [150mg/1mL] Solucion inyectable Ampolla x 1mL;;48;24;48;75;43;48;286
Medroxiprogesterona acetato 5mg Tableta;;615;950;760;1918;1051;1970;7264
Melatonina 2mg Tableta de liberacion prolongada;;1380;780;240;90;0;450;2940
Meloxicam 15mg Tableta;;2846;2941;2492;3605;2026;2741;16651
Meloxicam [15mg/1,5mL] Solucion inyectable;;26;82;42;40;28;81;299
Zopiclona 7.5mg Tableta;;10926;7600;4210;5709;7215;11404;47064
Memantina 10mg Tableta;;5660;4155;1685;732;1376;7620;21228
Memantina 20mg Tableta;;2570;440;0;0;120;540;3670
Mercaptopurina 50mg Tableta;;370;110;171;575;200;190;1616
Mesalazina 500mg Tableta de liberacion retardada;;1645;1720;1549;2440;2986;1414;11754
Mesna [400mg/4mL] Solucion inyectable;;65;170;41;102;38;54;470
Metformina clorhidrato 1000mg Tableta;;2200;5690;2890;7320;5570;7690;31360
Metformina clorhidrato 500mg Tableta;;1069;720;840;1260;1020;930;5839
Metformina clorhidrato 850mg Tableta;;27036;29208;30422;50836;44515;50480;232497
Metilfenidato 10mg Tableta;;750;570;810;870;600;1170;4770
Metilprednisolona 16mg Tableta;;25;35;17;103;42;0;222
Metilprednisolona 4mg Tableta;;50;357;0;0;105;390;902
Metimazol 5mg Tableta;;5498;6525;4290;7610;5775;5080;34778
Metocarbamol 750mg Tableta;;11778;12873;7325;11932;11873;13132;68913
Metoclopramida 10mg Tableta;;2098;1127;869;2086;1683;1765;9628
Metoclopramida [10mg/2mL] Solucion inyectable;;24;34;0;29;35;66;188
Metoclopramida 4mg/mL Solucion oral;;1;1;4;5;4;2;17
Metoprolol tartrato 100mg Tableta;;420;300;0;570;300;720;2310
Metoprolol tartrato 50mg Tableta;;10797;6565;6768;13432;11514;15807;64883
Metotrexato 25mg/mL [500mg/20mL] Solucion inyectable Vial x 20mL;;36;4;0;0;0;0;40
Metronidazol 500mg Ovulo;;734;614;546;713;465;745;3817
Metronidazol 500mg Tableta;;5448;4802;3638;4792;4034;4814;27528
Minoxidil 10mg Tableta;;240;210;0;0;300;660;1410
Mirabegron 50mg Tableta de liberacion prolongada;;2130;8145;0;2235;3150;1890;17550
Mirtazapina 30mg Tableta;;1365;720;810;1290;920;650;5755
Mometasona furoato 0,1% [10mg/10g] Crema topica;;36;31;20;32;76;36;231
Montelukast 10mg Tableta;;1185;2165;930;1775;1930;1545;9530
Montelukast 4mg Tableta masticable;;1020;783;1170;1245;743;1253;6214
Montelukast 5mg Tableta masticable;;2530;2755;1830;2160;1350;1750;12375
Morfina 3% [150mg/5mL] Solucion oral;;22;31;0;7;24;29;113
Mosaprida 5mg Tableta;;2420;1510;1440;1470;510;1050;8400
Moxifloxacino 5mg/mL Solucion oftalmica Frasco gotero x 5mL;;13;15;19;17;16;21;101
Moxifloxacino 400mg Tableta;;90;17;17;5;40;48;217
Nitrofurazona 0,2% [20mg/10g] Unguento topico;;8;0;7;2;1;2;20
Naproxeno 2,5% [125mg/5mL] Suspension oral;;52;38;65;42;39;24;260
Naproxeno 250mg Tableta;;17890;14082;14576;21396;16317;21905;106166
Naproxeno 500mg Tableta;;881;812;836;1415;1086;1612;6642
Nepafenaco 1mg/mL Solucion oftalmica Frasco x 3mL;;2;2;1;5;1;1;12
Nistatina + Zinc oxido 2% (10,000,000) + 20% [200mg (1,000,000) + 2g/10g] Crema topica;;149;102;106;216;101;112;786
Nistatina [100,000UI/10g] Crema topica;;13;15;22;36;17;16;119
Nitazoxanida 2% [100mg/5mL] Polvo para reconstituir a solucion oral;;19;19;0;7;7;25;77
Nitazoxanida 500mg Tableta;;420;396;172;352;296;315;1951
Nitrofurantoina 100mg Tableta;;1848;2818;2264;3789;2534;2986;16239
Norfloxacina 400mg Tableta;;329;172;90;334;180;284;1389
Olanzapina 10mg Tableta;;6485;3280;8896;9780;7470;6478;42389
Olanzapina 5mg Tableta;;6072;3720;4494;5644;3696;4920;28546
Olmesartan medoxomil 20mg Tableta;;40;90;0;180;0;0;310
Olopatadina 2mg/mL Solucion oftalmica;;73;68;78;89;119;89;516
Omeprazol 20mg Capsula dura;;28874;12664;22756;26976;26217;25238;142725
Omeprazol 40mg Capsula dura;;538;30;210;450;210;250;1688
Ondansetron 8mg Tableta;;2025;1110;1220;2774;2013;1349;10491
Ondansetron [8mg/4mL] Solucion inyectable;;1079;1526;533;650;415;801;5004
Otilonio bromuro 40mg Tableta;;30;0;0;0;0;0;30
Escitalopram 10mg Tableta;;14256;9240;8762;11588;11064;13361;68271
Escitalopram 20mg Tableta;;5000;4320;2820;3175;4636;6290;26241
Oxcarbazepina 300mg Tableta;;1388;2858;1380;1332;2360;2517;11835
Oxcarbazepina 600mg Tableta;;1920;2190;1980;1470;1230;2670;11460
Oxibutinino 10mg Tableta de liberacion prolongada;;470;390;0;0;720;401;1981
Oxibutinino 5mg Tableta;;925;430;1370;1000;2830;1260;7815
Paclitaxel 6mg/mL [100mg/16.7mL] Solucion inyectable Vial x 16,7mL;;153;211;60;140;102;127;793
Pembrolizumab [100mg/4mL] Solucion inyectable Vial x 4mL;;120;90;129;40;99;62;540
Pirantel pamoato 5% [250mg/5mL] Suspension oral;;21;24;12;15;4;12;88
Pirantel pamoato 250mg Tableta;;68;14;83;23;70;125;383
Pancreatina + Simeticona 170mg + 80mg Tableta;;180;180;0;0;120;120;600
Pancreatina (amilasa + lipasa + proteasa) 150mg Capsula de liberacion retardada;;220;970;0;0;120;0;1310
Panitumumab 20mg/mL [100mg/5mL] Solucion inyectable Ampolla x 5mL;;7;9;0;10;0;18;44
Pantoprazol 20mg Tableta;;240;90;180;430;60;120;1120
Pantoprazol 40mg Tableta de liberacion retardada;;2162;2131;1689;2756;2376;3064;14178
Paroxetina 20mg Tableta;;2160;1530;1800;1199;750;1950;9389
Pasta stomahesive Tubo x 56.7g;;96;64;0;4;85;21;270
Pegfilgrastim [6mg/0.6mL] Solucion inyectable Jeringa prellenada x 0,6mL;;264;352;86;169;104;204;1179
Pentoxifilina 400mg Tableta de liberacion prolongada;;180;0;0;40;320;0;540
Pilocarpina 5mg Tableta;;4390;1940;1480;2040;4280;2250;16380
Pinza para bolsa para colostomia - Unidad;;13;0;0;0;0;0;13
Piridoxina clorhidrato 50mg Tableta;;630;210;90;140;270;90;1430
Piroxicam 20mg Capsula dura;;160;90;0;150;140;180;720
Podofilina 20% [1g/5mL] Suspension topica;;1;0;0;1;1;0;3
Polietilenglicol + Propilenglicol 4mg + 3mg/mL Solucion oftalmica;;21;172;80;40;42;19;374
Polietilenglicol 3350 (macrogol) 100g/100g [1g por gramo de polvo] Polvo para reconstituir a solucion oral;;5148;3929;3055;4620;3327;4806;24885
Polvo stomahesive;;89;129;0;19;0;35;272
Pramipexol 3mg Tableta de liberacion prolongada;;630;300;0;380;180;750;2240
Prazosina 1mg Tableta;;13950;8695;9318;8090;14849;16647;71549
Fenilefrina + Prednisolona acetato 1,2mg + 10mg/mL Solucion oftalmica;;14;13;11;23;10;20;91
Prednisolona 0,1% [5mg/5mL] Solucion oral;;54;64;62;51;50;101;382
Prednisolona 5mg Tableta;;15044;13947;11290;14973;15034;15508;85796
Prednisona 50mg Tableta;;1299;1546;926;803;1318;989;6881
Pregabalina 150mg Capsula dura;;4825;4845;2760;3231;3770;6425;25856
Pregabalina 25mg Capsula dura;;105;90;240;540;630;1170;2775
Pregabalina 300mg Capsula dura;;606;348;150;414;450;331;2299
Pregabalina 50mg Capsula dura;;6231;4870;4580;3425;1990;4033;25129
Pregabalina 75mg Capsula dura;;26031;27991;27857;33840;21629;40340;177688
Preservativo masculino de latex;;1909;1534;638;1954;1861;2204;10100
Progesterona 200mg Capsula blanda;;759;882;350;450;496;306;3243
Propafenona 150mg Tableta;;810;210;300;630;210;180;2340
Propranolol 40mg Tableta;;2400;3355;1985;2475;3719;3415;17349
Propiltiouracilo 50mg Tableta;;10;0;0;0;90;270;370
Propranolol 80mg Tableta;;90;90;0;0;0;60;240
Quetiapina 100mg Tableta;;7990;4980;8880;5460;5250;9120;41680
Quetiapina 200mg Tableta;;1462;1050;1140;990;975;1148;6765
Quetiapina 25mg Tableta;;28152;19603;8183;14734;29947;29147;129766
Quetiapina 300mg Tableta;;270;0;810;120;60;0;1260
Quetiapina 50mg Tableta de liberacion prolongada;;90;0;0;0;0;0;90
Rasagilina 1mg Tableta;;150;180;360;90;180;150;1110
Rifaximina 200mg Capsula blanda;;2751;2060;466;1860;986;1338;9461
Rifaximina 550mg Tableta;;1677;2042;1314;1829;1804;2251;10917
Risperidona 1mg Tableta;;11005;7070;7462;10980;7870;9205;53592
Risperidona 1mg/1mL Solucion oral Frasco gotero x 20mL;;71;16;90;79;57;49;362
Risperidona 1mg/1mL Solucion oral Frasco gotero x 30mL;;8;2;20;22;19;23;94
Risperidona 2mg Tableta;;7814;6550;6144;11042;6350;11820;49720
Risperidona 3mg Tableta;;3745;735;0;0;0;30;4510
Rituximab 120mg/mL [1400mg/11,7mL] Solucion inyectable Vial x 11,7mL;;7;9;0;1;8;11;36
Rivaroxaban 10mg Tableta;;635;540;120;285;410;810;2800
Rivaroxaban 15mg Tableta;;2274;1882;2278;2572;2011;2998;14015
Rivaroxaban 20mg Tableta;;3155;3210;3005;3270;3360;5553;21553
Rivastigmina 9,5mg/24h [18mg] Parche trasdermico;;270;210;630;120;210;720;2160
Rivastigmina 13,3mg/24h [27mg] Parche trasdermico;;60;270;0;90;0;90;510
Rivastigmina 4,6mg/24h [9mg] Parche trasdermico;;750;600;410;392;210;1372;3734
Rosuvastatina 10mg Tableta;;720;290;467;764;690;1688;4619
Rotigotina 9mg Parche trasdermico;;294;384;90;120;518;174;1580
Saccharomyces boulardi 250mg Capsula dura;;2120;660;0;0;0;0;2780
Sacubitrilo Valsartan 200mg Tableta;;330;0;0;0;0;0;330
Sacubitrilo Valsartan 50mg Tableta;;5470;1950;0;390;3600;10380;21790
Safinamida 100mg Tableta;;210;22;258;120;270;210;1090
Salbutamol 100mcg/puff Solucion en aerosol;;395;364;265;334;430;410;2198
Salbutamol 0,04% [2mg/5mL] Jarabe Frasco x 120mL;;1;0;0;2;0;3;6
Fluticasona + Salmeterol 125mcg + 25mcg/puff Aerosol Inhalador x 120 dosis;;15;20;20;6;18;14;93
Fluticasona + Salmeterol 250mcg + 25mcg/puff Aerosol Inhalador x 120 dosis;;147;110;47;100;82;119;605
Fluticasona + Salmeterol 250mcg + 50mcg/puff Aerosol Inhalador x 60 dosis;;23;16;21;23;26;23;132
Fluticasona + Salmeterol 500mcg + 50mcg/puff Polvo para inhalacion Inhalador x 60 dosis;;14;2;0;0;2;0;18
Sertralina 100mg Tableta;;5865;3760;4496;5715;3860;3874;27570
Sertralina 25mg Tableta;;1610;1473;2707;2605;1865;2895;13155
Sertralina 50mg Tableta;;17209;17779;16052;20056;12990;18488;102574
Sevelamer clorhidrato 800mg Tableta;;270;180;0;90;720;270;1530
Sildenafil 20mg Tableta;;30;0;0;0;10;80;120
Sildenafil 25mg Tableta;;462;0;30;90;0;0;582
Sildenafil 50mg Tableta;;3444;2772;1796;2231;2656;2106;15005
Simeticona + Trimebutina maleato 120mg + 200mg Tableta;;4348;603;3357;7906;6309;7368;29891
Metformina + Sitagliptina 1000mg + 50mg Tableta;;336;0;175;284;280;452;1527
Sitagliptina 100mg Tableta;;90;300;0;0;180;0;570
Sitagliptina 50mg Tableta;;476;90;84;306;252;310;1518
Solifenacina succinato 5mg Tableta;;2180;1705;830;1030;840;1230;7815
Sonda foley 2 vias No. 18;;5;10;0;2;0;4;21
Sonda nelaton No. 12;;814;1244;0;0;0;706;2764
Sonda nelaton No. 10;;502;454;0;0;0;100;1056
Sorafenib 200mg Tableta;;390;180;0;480;120;150;1320
Bismuto subsalicilato 262mg Tableta masticable;;3836;5146;1900;3082;2777;2773;19514
Sucralfato 1g Tableta;;7334;6975;9008;8288;9078;9488;50171
Sucralfato 20% [1g/5mL] Suspension oral;;88;141;125;2;48;60;464
Sulfadiazina de plata 1% [100mg/10g] Crema topica;;77;54;11;70;35;37;284
Sulfasalazina 500mg Tableta de liberacion retardada;;2343;1204;1530;1990;2135;2160;11362
Zinc sulfato 0,2% [10mg/5mL] Solucion oral;;145;260;311;290;283;227;1516
Zinc sulfato 20mg Tableta;;5;42;44;38;90;0;219
Sulfato ferroso (hierro) 200mg Tableta;;1725;1461;1403;2763;2334;1635;11321
Sulfato ferroso (hierro) 300mg Tableta;;11658;8360;10245;13358;11807;10455;65883
Sultamicilina 375mg Tableta;;818;599;786;744;736;1038;4721
Sultamicilina 750mg Tableta;;169;194;133;304;259;156;1215
Sumatriptan 80mg/mL Solucion oral;;7;6;0;5;9;13;40
Tadalafilo 20mg Tableta;;2970;3165;1219;2518;2580;1550;14002
Tadalafilo 5mg Tableta;;1189;1238;712;1824;1095;967;7025
Tamoxifeno 20mg Tableta;;1816;1180;2240;1831;2280;2110;11457
Telmisartan 80mg Tableta;;180;630;300;630;540;180;2460
Temozolamida 100mg Capsula dura;;75;50;0;45;0;0;170
Terbinafina 1% [100mg/10g] Crema topica;;59;26;15;33;51;27;211
Terbinafina 250mg Tableta;;912;881;524;854;438;723;4332
Teriparatida 250mcg/mL [20mcg/0,08mL] Solucion inyectable Jeringa prellenada x 0,08mL;;1020;1410;0;540;540;30;3540
Insulina humana 100UI/mL [1000UI/10mL] Solucion inyectable;;2;0;3;0;0;0;5
Tiamina monohidrato [1g/10mL] Solucion inyectable;;130;97;121;162;152;124;786
Tiamina monohidrato 300mg Tableta;;17536;12718;14384;16221;11592;16364;88815
Ticagrelor 90mg Tableta;;660;810;780;150;810;480;3690
Tinidazol 500mg Tableta;;372;200;332;477;298;428;2107
Tiocolchicosido 4mg Tableta;;20;90;40;15;60;0;225
Tiocolchicosido 8mg Tableta;;259;120;150;320;95;0;944
Tizanidina 2mg Tableta;;782;997;540;270;1510;1050;5149
Tizanidina 4mg Tableta;;130;150;13;125;30;287;735
Dexametasona + Tobramicina 1mg + 3mg/mL Solucion oftalmica;;17;17;9;16;29;32;120
Dexametasona + Tobramicina 0,1% + 0,3% [10mg + 30mg/10g] Unguento oftalmico;;12;11;20;38;19;27;127
Tobramicina 3mg/mL Solucion oftalmica;;3;3;0;2;4;1;13
Topiramato 100mg Tableta;;480;672;120;608;0;196;2076
Topiramato 25mg Tableta;;532;84;252;168;0;168;1204
Topiramato 50mg Tableta;;1870;1204;196;392;448;364;4474
Tramadol clorhidrato 50mg Capsula dura;;747;937;606;434;805;857;4386
Tramadol clorhidrato 10% [100mg/mL] Solucion oral;;98;92;46;96;37;104;473
Trastuzumab [600mg/6mL] Solucion inyectable Vial x 6mL;;1;3;0;0;1;1;6
Trazodona clorhidrato 50mg Tableta;;16857;13769;10724;13400;11305;7516;73571
Trimebutina 200mg Tableta;;10463;16096;14616;21126;14540;4043;80884
Trimebutina 300mg Tableta;;245;120;455;120;330;535;1805
Sulfametoxazol + Trimetoprim 4% + 0.8% [200mg + 40mg/5mL] Suspension oral;;15;14;9;16;7;17;78
Sulfametoxazol + Trimetoprim 800mg + 160mg Tableta;;4527;3664;2974;5242;3793;5333;25533
Sulfametoxazol + Trimetoprim 400mg + 80mg Tableta;;526;84;293;199;224;206;1532
Amlodipino + Valsartan 10mg + 320mg Tableta;;174;0;0;58;366;594;1192
Amlodipino + Valsartan 5mg + 80mg Tableta;;60;0;224;0;90;0;374
Hidroclorotiazida + Valsartan 12,5mg + 160mg Tableta;;3182;1810;1595;2061;1889;2781;13318
Hidroclorotiazida + Valsartan 25mg + 160mg Tableta;;174;84;0;0;0;140;398
Hidroclorotiazida + Valsartan 12,5mg + 80mg Tableta;;120;84;0;0;0;0;204
Valsartan 160mg Tableta;;37917;22060;40719;63115;54547;67312;285670
Valsartan 320mg Tableta;;270;450;480;690;562;620;3072
Valsartan 80mg Tableta;;16478;11380;10266;9482;4590;15219;67415
Venlafaxina 150mg Capsula de liberacion prolongada;;900;655;1020;1590;240;430;4835
Venlafaxina 37.5mg Capsula de liberacion prolongada;;308;238;28;755;358;560;2247
Venlafaxina 75mg Capsula de liberacion prolongada;;2280;2650;450;1450;1442;1228;9500
Verapamilo clorhidrato 120mg Tableta;;360;330;450;710;480;600;2930
Verapamilo clorhidrato 80mg Tableta;;450;320;1080;510;720;1136;4216
Vigabatrina 500mg Tableta;;1995;2190;0;450;2190;1710;8535
Metformina + Vildagliptina 1000mg + 50mg Tableta;;4444;2751;26104;37126;18674;5750;94849
Metformina + Vildagliptina 500mg + 50mg Tableta;;370;592;177;259;375;122;1895
Metformina + Vildagliptina 850mg + 50mg Tableta;;17177;8732;19503;18374;17287;23099;104172
Vildagliptina 50mg Tableta;;23591;22881;14068;34736;27970;32880;156126
Vincristina sulfato [1mg/mL] Solucion inyectable;;37;67;6;6;11;31;158
Vitamina E 1000UI Capsula blanda;;2175;3639;1316;2800;3319;2864;16113
Cianocobalamina (vitamina B12) 1mg/mL Solucion inyectable;;513;521;273;617;326;641;2891
Vitamina D3 (colecalciferol) 25,000UI/mL Solucion oral;;2788;1980;1118;2618;1982;2646;13132
Vitamina D3 (colecalciferol) 1000UI Capsula blanda;;4663;3705;1704;3200;2990;3055;19317
Vitamina D3 (colecalciferol) 2000UI Capsula blanda;;19078;7216;28756;23620;14616;41233;134519
Vitamina D3 (colecalciferol) 7000UI Capsula blanda;;236;471;300;544;180;478;2209
Vitamina E 400UI Capsula blanda;;1065;550;6250;5010;1960;2715;17550
Warfarina sodica 5mg Tableta;;3898;2676;1389;3070;2572;2813;16418
Alopurinol 100mg Tableta;;0;30;372;793;333;22;1550
Betametasona sodio fosfato [4mg/mL] Solucion inyectable;;0;3;12;54;30;140;239
Brimonidina tartrato 2mg/mL Solucion oftalmica Frasco gotero x 5mL;;0;5;3;0;0;1;9
Carbamazepina 2% [100mg/5mL] Suspension oral Frasco x 100mL;;0;3;0;54;10;0;67
Calcio carbonato + Vitamina D3 600mg + 400UI Tableta;;0;375;0;120;1020;90;1605
Ciprofloxacina + Dexametasona 3mg + 1mg/mL Solucion otica;;0;1;0;2;1;2;6
Metotrexato 500mg Polvo esteril para reconstituir Vial;;0;14;0;0;0;0;14
Cromoglicato de sodio 2% [20mg/mL] Solucion intranasal;;0;1;4;5;1;5;16
Eplerenona 25mg Tableta;;0;90;0;0;90;0;180
Hidromorfona clorhidrato [2mg/mL] Solucion inyectable;;0;630;0;180;0;0;810
Hidrosmina 200mg Capsula dura;;0;60;0;0;0;0;60
Lamotrigina 25mg Tableta orodispersable;;0;30;0;150;0;180;360
Levotiroxina sodica 137mcg Tableta;;0;180;50;150;100;90;570
Melatonina 3mg Tableta;;0;60;180;180;300;780;1500
Mesalazina 500mg Supositorio;;0;14;114;60;8;8;204
Metadona clorhidrato 10mg Tableta;;0;337;150;0;165;90;742
Nebivolol 5mg Tableta;;0;90;0;0;0;0;90
Olmesartan medoxomil 40mg Tableta;;0;236;0;0;90;420;746
Zinc oxido 10% [1g/10g] Crema topica;;0;4;8;10;1;2;25
Pancreatina (amilasa + lipasa + proteasa) 300mg Capsula de liberacion retardada;;0;450;0;0;0;0;450
Metformina + Sitagliptina 850mg + 50mg Tableta;;0;427;0;0;0;0;427
Tapentadol 50mg Tableta;;0;30;120;210;0;210;570
Tramadol clorhidrato 50mg/mL [100mg/2mL] Solucion inyectable;;0;91;0;0;2;5;98
Tramadol clorhidrato [50mg/mL] Solucion inyectable;;0;60;198;90;130;17;495
Umeclidinio + Vilanterol 55mcg + 22mcg/puff Polvo para inhalacion Inhalador x 30 dosis;;0;15;0;3;0;0;18
Betametasona acetato + Betametasona sodio fosfato [3mg + 3mg/mL] Solucion inyectable;;0;0;2;0;1;2;5
Brimonidina tartrato + Brinzolamida 2mg + 10mg/mL Solucion oftalmica Frasco gotero x 2,5mL;;0;0;2;0;0;0;2
Calcio carbonato + Vitamina D3 + Zinc [300mg + 100UI + 7,5mg/5mL] Suspension oral;;0;0;2;0;5;0;7
Cefuroxima 500mg Tableta;;0;0;82;104;30;32;248
Insulina glargina 100UI/mL [1000UI/10mL] Solucion inyectable Vial x 10mL;;0;0;16;30;2;0;48
Ketotifeno 1mg Tableta;;0;0;1;0;0;0;1
Loteprednol 2mg/mL Solucion oftalmica;;0;0;1;12;1;5;19
Paroxetina 12.5mg Tableta de liberacion prolongada;;0;0;30;0;0;0;30
Propiltiouracilo 100mg Tableta;;0;0;180;0;0;0;180
Amlodipino + Valsartan 5mg + 320mg Tableta;;0;0;84;90;0;84;258
Brimonidina tartrato + Timolol 2mg + 5mg/mL Solucion oftalmica Frasco gotero x 10mL;;0;0;0;10;0;0;10
Linagliptina + Metformina 2,5mg + 1000mg Tableta;;0;0;0;120;60;420;600
Metilprednisolona acetato 40mg/mL [200mg/5mL] Solucion inyectable Vial x 5mL;;0;0;0;8;0;0;8
Rifampicina 300mg Capsula dura;;0;0;0;60;0;0;60
Sodio cloruro 0,9% [500mL] Solucion inyectable;;0;0;0;0;42;0;42
Isosorbide dinitrato 10mg Tableta;;0;0;0;0;30;20;50
Fenitoina [125mg/5mL] Suspension oral;;0;0;0;0;6;3;9
Levosulpiride 25mg Tableta;;0;0;0;0;90;90;180
Mebendazol 100mg Tableta;;0;0;0;0;6;0;6
Dabigatran 150mg Capsula dura;;0;0;0;0;0;60;60
Dicloxacilina 5% [250mg/5mL] Polvo para reconstituir a solucion oral;;0;0;0;0;0;1;1
Drospirenona 4mg Tableta;;0;0;0;0;0;90;90
Telmisartan 40mg Tableta;;0;0;0;0;0;360;360
